2013,Mitchell Open Board-a-Match Teams,1,Jim Mahaffey,,,
2013,Mitchell Open Board-a-Match Teams,1,Alexander Smirnov,,,
2013,Mitchell Open Board-a-Match Teams,1,Marc Bompis,,,
2013,Mitchell Open Board-a-Match Teams,1,Tony Forrester,,,
2013,Mitchell Open Board-a-Match Teams,1,Jean Quantin,,,
2013,Mitchell Open Board-a-Match Teams,1,Josef Piekarek,,,
2013,Mitchell Open Board-a-Match Teams,2,Bobby Levin,,,
2013,Mitchell Open Board-a-Match Teams,2,Jill Levin,,,
2013,Mitchell Open Board-a-Match Teams,2,Steve Weinstein,,,
2013,Mitchell Open Board-a-Match Teams,2,Jenny Wolpert,,,
2013,Mitchell Open Board-a-Match Teams,2,0,,,
2013,Mitchell Open Board-a-Match Teams,2,0,,,
2012,Mitchell Open Board-a-Match Teams,1,Mike Becker,,,
2012,Mitchell Open Board-a-Match Teams,1,Tarek Sadek,,,
2012,Mitchell Open Board-a-Match Teams,1,Walid Elahmady,,,
2012,Mitchell Open Board-a-Match Teams,1,Aubrey Strul,,,
2012,Mitchell Open Board-a-Match Teams,1,Steve Garner,,,
2012,Mitchell Open Board-a-Match Teams,1,Howard Weinstein,,,
2012,Mitchell Open Board-a-Match Teams,2,Nick Nickell,,,
2012,Mitchell Open Board-a-Match Teams,2,Bobby Levin,,,
2012,Mitchell Open Board-a-Match Teams,2,Steve Weinstein,,,
2012,Mitchell Open Board-a-Match Teams,2,Ralph Katz,,,
2012,Mitchell Open Board-a-Match Teams,2,Eric Rodwell,,,
2012,Mitchell Open Board-a-Match Teams,2,0,,,
2011,Mitchell Open Board-a-Match Teams,1,Antonio Sementa,,,
2011,Mitchell Open Board-a-Match Teams,1,Lorenzo Lauria,,,
2011,Mitchell Open Board-a-Match Teams,1,Giorgio Duboin,,,
2011,Mitchell Open Board-a-Match Teams,1,Alfredo Versace,,,
2011,Mitchell Open Board-a-Match Teams,1,Jimmy Cayne,,,
2011,Mitchell Open Board-a-Match Teams,1,Michael Seamon,,,
2011,Mitchell Open Board-a-Match Teams,2,Jared Lilienstein,,,
2011,Mitchell Open Board-a-Match Teams,2,Michael Polowan,,,
2011,Mitchell Open Board-a-Match Teams,2,Jan Jansma,,,
2011,Mitchell Open Board-a-Match Teams,2,Adam Wildavsky,,,
2011,Mitchell Open Board-a-Match Teams,2,0,,,
2011,Mitchell Open Board-a-Match Teams,2,0,,,
2010,Mitchell Open Board-a-Match Teams,1,Andrew Gromov,,,
2010,Mitchell Open Board-a-Match Teams,1,Josef Blass,,,
2010,Mitchell Open Board-a-Match Teams,1,Marcin Lesniewski,,,
2010,Mitchell Open Board-a-Match Teams,1,Cezary Balicki,,,
2010,Mitchell Open Board-a-Match Teams,1,Aleksander Dubinin,,,
2010,Mitchell Open Board-a-Match Teams,1,Adam Zmudzinski,,,
2010,Mitchell Open Board-a-Match Teams,2,Rob Brady,,,
2010,Mitchell Open Board-a-Match Teams,2,Alan Kleist,,,
2010,Mitchell Open Board-a-Match Teams,2,Howard Liu,,,
2010,Mitchell Open Board-a-Match Teams,2,D Dong,,,
2010,Mitchell Open Board-a-Match Teams,2,0,,,
2010,Mitchell Open Board-a-Match Teams,2,0,,,
2009,Mitchell Open Board-a-Match Teams,1,Jerzy Zaremba,,,
2009,Mitchell Open Board-a-Match Teams,1,Josef Blass,,,
2009,Mitchell Open Board-a-Match Teams,1,Andrew Gromov,,,
2009,Mitchell Open Board-a-Match Teams,1,Cezary Balicki,,,
2009,Mitchell Open Board-a-Match Teams,1,Aleksander Dubinin,,,
2009,Mitchell Open Board-a-Match Teams,1,Adam Zmudzinski,,,
2009,Mitchell Open Board-a-Match Teams,2,Doug Doub,,,
2009,Mitchell Open Board-a-Match Teams,2,Craig Gower,,,
2009,Mitchell Open Board-a-Match Teams,2,Michael Polowan,,,
2009,Mitchell Open Board-a-Match Teams,2,Adam Wildavsky,,,
2009,Mitchell Open Board-a-Match Teams,2,Jacob Morgan,,,
2009,Mitchell Open Board-a-Match Teams,2,0,,,
2008,Mitchell Open Board-a-Match Teams,1,Bob Hamman,,,
2008,Mitchell Open Board-a-Match Teams,1,Eric Rodwell,,,
2008,Mitchell Open Board-a-Match Teams,1,Jeff Meckstroth,,,
2008,Mitchell Open Board-a-Match Teams,1,Zia Mahmood,,,
2008,Mitchell Open Board-a-Match Teams,1,0,,,
2008,Mitchell Open Board-a-Match Teams,1,0,,,
2008,Mitchell Open Board-a-Match Teams,2,Aubrey Strul,,,
2008,Mitchell Open Board-a-Match Teams,2,Chip Martel,,,
2008,Mitchell Open Board-a-Match Teams,2,David Berkowitz,,,
2008,Mitchell Open Board-a-Match Teams,2,Larry N. Cohen,,,
2008,Mitchell Open Board-a-Match Teams,2,Lew Stansby,,,
2008,Mitchell Open Board-a-Match Teams,2,Mike Becker,,,
2007,Mitchell Open Board-a-Match Teams,1,Aubrey Strul,,,
2007,Mitchell Open Board-a-Match Teams,1,Chip Martel,,,
2007,Mitchell Open Board-a-Match Teams,1,David Berkowitz,,,
2007,Mitchell Open Board-a-Match Teams,1,Larry N. Cohen,,,
2007,Mitchell Open Board-a-Match Teams,1,Lew Stansby,,,
2007,Mitchell Open Board-a-Match Teams,1,Mike Becker,,,
2007,Mitchell Open Board-a-Match Teams,2,Adam Zmudzinski,,,
2007,Mitchell Open Board-a-Match Teams,2,Aleksander Dubinin,,,
2007,Mitchell Open Board-a-Match Teams,2,Andrew Gromov,,,
2007,Mitchell Open Board-a-Match Teams,2,Cezary Balicki,,,
2007,Mitchell Open Board-a-Match Teams,2,0,,,
2007,Mitchell Open Board-a-Match Teams,2,0,,,
2006,Mitchell Open Board-a-Match Teams,1,Bobby Levin,,,
2006,Mitchell Open Board-a-Match Teams,1,George Jacobs,,,
2006,Mitchell Open Board-a-Match Teams,1,Michael Rosenberg,,,
2006,Mitchell Open Board-a-Match Teams,1,Ralph Katz,,,
2006,Mitchell Open Board-a-Match Teams,1,Steve Weinstein,,,
2006,Mitchell Open Board-a-Match Teams,1,Zia Mahmood,,,
2006,Mitchell Open Board-a-Match Teams,2,Drew Casen,,,
2006,Mitchell Open Board-a-Match Teams,2,Jim Krekorian,,,
2006,Mitchell Open Board-a-Match Teams,2,Joergen Molberg,,,
2006,Mitchell Open Board-a-Match Teams,2,John Onstott,,,
2006,Mitchell Open Board-a-Match Teams,2,Steve Beatty,,,
2006,Mitchell Open Board-a-Match Teams,2,Terje Aa,,,
2005,Mitchell Open Board-a-Match Teams,1,Adam Zmudzinski,,,
2005,Mitchell Open Board-a-Match Teams,1,Bjorn Fallenius,,,
2005,Mitchell Open Board-a-Match Teams,1,Cezary Balicki,,,
2005,Mitchell Open Board-a-Match Teams,1,Chip Martel,,,
2005,Mitchell Open Board-a-Match Teams,1,Lew Stansby,,,
2005,Mitchell Open Board-a-Match Teams,1,Roy Welland,,,
2005,Mitchell Open Board-a-Match Teams,2,Grant Baze,,,
2005,Mitchell Open Board-a-Match Teams,2,Jacek Pszczola,,,
2005,Mitchell Open Board-a-Match Teams,2,Michael Whitman,,,
2005,Mitchell Open Board-a-Match Teams,2,Sam Lev,,,
2005,Mitchell Open Board-a-Match Teams,2,Steve Beatty,,,
2005,Mitchell Open Board-a-Match Teams,2,0,,,
2004,Mitchell Open Board-a-Match Teams,1,Christal Henner-Welland,,,
2004,Mitchell Open Board-a-Match Teams,1,Claudio Nunes,,,
2004,Mitchell Open Board-a-Match Teams,1,Fredrik Nystrom,,,
2004,Mitchell Open Board-a-Match Teams,1,Fulvio Fantoni,,,
2004,Mitchell Open Board-a-Match Teams,1,Michael Kamil,,,
2004,Mitchell Open Board-a-Match Teams,1,Peter Bertheau,,,
2004,Mitchell Open Board-a-Match Teams,2,Adam Zmudzinski,,,
2004,Mitchell Open Board-a-Match Teams,2,Bjorn Fallenius,,,
2004,Mitchell Open Board-a-Match Teams,2,Cezary Balicki,,,
2004,Mitchell Open Board-a-Match Teams,2,Michael Rosenberg,,,
2004,Mitchell Open Board-a-Match Teams,2,Roy Welland,,,
2004,Mitchell Open Board-a-Match Teams,2,Zia Mahmood,,,
2003,Mitchell Open Board-a-Match Teams,1,Alfredo Versace,,,
2003,Mitchell Open Board-a-Match Teams,1,George Jacobs,,,
2003,Mitchell Open Board-a-Match Teams,1,Giorgio Duboin,,,
2003,Mitchell Open Board-a-Match Teams,1,Lorenzo Lauria,,,
2003,Mitchell Open Board-a-Match Teams,1,Norberto Bocchi,,,
2003,Mitchell Open Board-a-Match Teams,1,Ralph Katz,,,
2003,Mitchell Open Board-a-Match Teams,2,Brian Glubok,,,
2003,Mitchell Open Board-a-Match Teams,2,Jacek Pszczola,,,
2003,Mitchell Open Board-a-Match Teams,2,Michal Kwiecien,,,
2003,Mitchell Open Board-a-Match Teams,2,Reese Milner,,,
2003,Mitchell Open Board-a-Match Teams,2,Sam Lev,,,
2003,Mitchell Open Board-a-Match Teams,2,0,,,
2002,Mitchell Open Board-a-Match Teams,1,Alfredo Versace,,,
2002,Mitchell Open Board-a-Match Teams,1,George Jacobs,,,
2002,Mitchell Open Board-a-Match Teams,1,Giorgio Duboin,,,
2002,Mitchell Open Board-a-Match Teams,1,Lorenzo Lauria,,,
2002,Mitchell Open Board-a-Match Teams,1,Norberto Bocchi,,,
2002,Mitchell Open Board-a-Match Teams,1,Ralph Katz,,,
2002,Mitchell Open Board-a-Match Teams,2,Bjorn Fallenius,,,
2002,Mitchell Open Board-a-Match Teams,2,Fred Gitelman,,,
2002,Mitchell Open Board-a-Match Teams,2,Howard Weinstein,,,
2002,Mitchell Open Board-a-Match Teams,2,Roy Welland,,,
2002,Mitchell Open Board-a-Match Teams,2,Steve Garner,,,
2002,Mitchell Open Board-a-Match Teams,2,0,,,
2001,Mitchell Open Board-a-Match Teams,1,Alan Sontag,,,
2001,Mitchell Open Board-a-Match Teams,1,Chip Martel,,,
2001,Mitchell Open Board-a-Match Teams,1,Kyle Larsen,,,
2001,Mitchell Open Board-a-Match Teams,1,Lew Stansby,,,
2001,Mitchell Open Board-a-Match Teams,1,Peter Weichsel,,,
2001,Mitchell Open Board-a-Match Teams,1,Rose Meltzer,,,
2001,Mitchell Open Board-a-Match Teams,2,Alfredo Versace,,,
2001,Mitchell Open Board-a-Match Teams,2,George Jacobs,,,
2001,Mitchell Open Board-a-Match Teams,2,Giorgio Duboin,,,
2001,Mitchell Open Board-a-Match Teams,2,Lorenzo Lauria,,,
2001,Mitchell Open Board-a-Match Teams,2,Norberto Bocchi,,,
2001,Mitchell Open Board-a-Match Teams,2,Ralph Katz,,,
2000,Mitchell Open Board-a-Match Teams,1,Adam Zmudzinski,,,
2000,Mitchell Open Board-a-Match Teams,1,Aleksander Petrunin,,,
2000,Mitchell Open Board-a-Match Teams,1,Andrew Gromov,,,
2000,Mitchell Open Board-a-Match Teams,1,Cezary Balicki,,,
2000,Mitchell Open Board-a-Match Teams,1,0,,,
2000,Mitchell Open Board-a-Match Teams,1,0,,,
2000,Mitchell Open Board-a-Match Teams,2,Eddie Wold,,,
2000,Mitchell Open Board-a-Match Teams,2,George Rosenkranz,,,
2000,Mitchell Open Board-a-Match Teams,2,Jacek Pszczola,,,
2000,Mitchell Open Board-a-Match Teams,2,John Mohan,,,
2000,Mitchell Open Board-a-Match Teams,2,Piotr Gawrys,,,
2000,Mitchell Open Board-a-Match Teams,2,Sam Lev,,,
1999,Mitchell Open Board-a-Match Teams,1,Andrew Robson,,,
1999,Mitchell Open Board-a-Match Teams,1,Geir Helgemo,,,
1999,Mitchell Open Board-a-Match Teams,1,Rita Shugart,,,
1999,Mitchell Open Board-a-Match Teams,1,Tony Forrester,,,
1999,Mitchell Open Board-a-Match Teams,1,0,,,
1999,Mitchell Open Board-a-Match Teams,1,0,,,
1999,Mitchell Open Board-a-Match Teams,2,Bob Hamman,,,
1999,Mitchell Open Board-a-Match Teams,2,Eric Rodwell,,,
1999,Mitchell Open Board-a-Match Teams,2,Jeff Meckstroth,,,
1999,Mitchell Open Board-a-Match Teams,2,Nick Nickell,,,
1999,Mitchell Open Board-a-Match Teams,2,Paul Soloway,,,
1999,Mitchell Open Board-a-Match Teams,2,Richard Freeman,,,
1998,Mitchell Open Board-a-Match Teams,1,Brad Moss,,,
1998,Mitchell Open Board-a-Match Teams,1,Fred Gitelman,,,
1998,Mitchell Open Board-a-Match Teams,1,George Mittelman,,,
1998,Mitchell Open Board-a-Match Teams,1,Grant Baze,,,
1998,Mitchell Open Board-a-Match Teams,1,Michael Whitman,,,
1998,Mitchell Open Board-a-Match Teams,1,0,,,
1998,Mitchell Open Board-a-Match Teams,2,Bob Hamman,,,
1998,Mitchell Open Board-a-Match Teams,2,Eric Rodwell,,,
1998,Mitchell Open Board-a-Match Teams,2,Jeff Meckstroth,,,
1998,Mitchell Open Board-a-Match Teams,2,Nick Nickell,,,
1998,Mitchell Open Board-a-Match Teams,2,Paul Soloway,,,
1998,Mitchell Open Board-a-Match Teams,2,Richard Freeman,,,
1997,Mitchell Open Board-a-Match Teams,1,Bob Blanchard,,,
1997,Mitchell Open Board-a-Match Teams,1,Doug Doub,,,
1997,Mitchell Open Board-a-Match Teams,1,Jim Krekorian,,,
1997,Mitchell Open Board-a-Match Teams,1,John Rengstorff,,,
1997,Mitchell Open Board-a-Match Teams,1,0,,,
1997,Mitchell Open Board-a-Match Teams,1,0,,,
1997,Mitchell Open Board-a-Match Teams,2,Allen Hawkins,,,
1997,Mitchell Open Board-a-Match Teams,2,Jim Foster,,,
1997,Mitchell Open Board-a-Match Teams,2,John Sutherlin,,,
1997,Mitchell Open Board-a-Match Teams,2,Ron L. Smith,,,
1997,Mitchell Open Board-a-Match Teams,2,Russ Ekeblad,,,
1997,Mitchell Open Board-a-Match Teams,2,0,,,
1996,Mitchell Open Board-a-Match Teams,1,Bobby Levin,,,
1996,Mitchell Open Board-a-Match Teams,1,Michael Rosenberg,,,
1996,Mitchell Open Board-a-Match Teams,1,Peter Weichsel,,,
1996,Mitchell Open Board-a-Match Teams,1,Robert Baldwin,,,
1996,Mitchell Open Board-a-Match Teams,1,Zia Mahmood,,,
1996,Mitchell Open Board-a-Match Teams,1,0,,,
1996,Mitchell Open Board-a-Match Teams,2,David Mossop,,,
1996,Mitchell Open Board-a-Match Teams,2,Jason Hackett,,,
1996,Mitchell Open Board-a-Match Teams,2,Justin Hackett,,,
1996,Mitchell Open Board-a-Match Teams,2,Paul Hackett,,,
1996,Mitchell Open Board-a-Match Teams,2,0,,,
1996,Mitchell Open Board-a-Match Teams,2,0,,,
1995,Mitchell Open Board-a-Match Teams,1,Chip Martel,,,
1995,Mitchell Open Board-a-Match Teams,1,Fred Stewart,,,
1995,Mitchell Open Board-a-Match Teams,1,Lew Stansby,,,
1995,Mitchell Open Board-a-Match Teams,1,Steve Weinstein,,,
1995,Mitchell Open Board-a-Match Teams,1,0,,,
1995,Mitchell Open Board-a-Match Teams,1,0,,,
1995,Mitchell Open Board-a-Match Teams,2,Bobby Goldman,,,
1995,Mitchell Open Board-a-Match Teams,2,Chuck Burger,,,
1995,Mitchell Open Board-a-Match Teams,2,Jimmy Cayne,,,
1995,Mitchell Open Board-a-Match Teams,2,Mark Lair,,,
1995,Mitchell Open Board-a-Match Teams,2,Mike Passell,,,
1995,Mitchell Open Board-a-Match Teams,2,Paul Soloway,,,
1994,Mitchell Open Board-a-Match Teams,1,Andy Goodman,,,
1994,Mitchell Open Board-a-Match Teams,1,Ed Manfield,,,
1994,Mitchell Open Board-a-Match Teams,1,John Mohan,,,
1994,Mitchell Open Board-a-Match Teams,1,Kit Woolsey,,,
1994,Mitchell Open Board-a-Match Teams,1,Peter Boyd,,,
1994,Mitchell Open Board-a-Match Teams,1,Steve Robinson,,,
1994,Mitchell Open Board-a-Match Teams,2,Brian Glubok,,,
1994,Mitchell Open Board-a-Match Teams,2,Chris Compton,,,
1994,Mitchell Open Board-a-Match Teams,2,Lew Stansby,,,
1994,Mitchell Open Board-a-Match Teams,2,Ron Smith,,,
1994,Mitchell Open Board-a-Match Teams,2,Steve Zolotow,,,
1994,Mitchell Open Board-a-Match Teams,2,0,,,
1993,Mitchell Open Board-a-Match Teams,1,Bobby Goldman,,,
1993,Mitchell Open Board-a-Match Teams,1,Mark Lair,,,
1993,Mitchell Open Board-a-Match Teams,1,Mike Passell,,,
1993,Mitchell Open Board-a-Match Teams,1,Paul Soloway,,,
1993,Mitchell Open Board-a-Match Teams,1,0,,,
1993,Mitchell Open Board-a-Match Teams,1,0,,,
1993,Mitchell Open Board-a-Match Teams,2,David Lehman,,,
1993,Mitchell Open Board-a-Match Teams,2,Dick Melson,,,
1993,Mitchell Open Board-a-Match Teams,2,Jim Hall,,,
1993,Mitchell Open Board-a-Match Teams,2,Tom Fox,,,
1993,Mitchell Open Board-a-Match Teams,2,0,,,
1993,Mitchell Open Board-a-Match Teams,2,0,,,
1992,Mitchell Open Board-a-Match Teams,1,Dr. Richard H. Katz,,,
1992,Mitchell Open Board-a-Match Teams,1,Garey Hayden,,,
1992,Mitchell Open Board-a-Match Teams,1,Ira Cohen,,,
1992,Mitchell Open Board-a-Match Teams,1,Wafik Abdou,,,
1992,Mitchell Open Board-a-Match Teams,1,0,,,
1992,Mitchell Open Board-a-Match Teams,1,0,,,
1992,Mitchell Open Board-a-Match Teams,2,Claudio Caponi,,,
1992,Mitchell Open Board-a-Match Teams,2,Drew Cannell,,,
1992,Mitchell Open Board-a-Match Teams,2,Jeff Hand,,,
1992,Mitchell Open Board-a-Match Teams,2,Steve Hamaoui,,,
1992,Mitchell Open Board-a-Match Teams,2,0,,,
1992,Mitchell Open Board-a-Match Teams,2,0,,,
1991,Mitchell Open Board-a-Match Teams,1,David Berkowitz,,,
1991,Mitchell Open Board-a-Match Teams,1,Jeff Wolfson,,,
1991,Mitchell Open Board-a-Match Teams,1,Larry N. Cohen,,,
1991,Mitchell Open Board-a-Match Teams,1,Michael Rosenberg,,,
1991,Mitchell Open Board-a-Match Teams,1,Zia Mahmood,,,
1991,Mitchell Open Board-a-Match Teams,1,0,,,
1991,Mitchell Open Board-a-Match Teams,2,David Lehman,,,
1991,Mitchell Open Board-a-Match Teams,2,Dick Melson,,,
1991,Mitchell Open Board-a-Match Teams,2,Jim Hall,,,
1991,Mitchell Open Board-a-Match Teams,2,Tom Fox,,,
1991,Mitchell Open Board-a-Match Teams,2,0,,,
1991,Mitchell Open Board-a-Match Teams,2,0,,,
1990,Mitchell Open Board-a-Match Teams,1,Daniel Molochko,,,
1990,Mitchell Open Board-a-Match Teams,1,Jack Wholey,,,
1990,Mitchell Open Board-a-Match Teams,1,Mark Moss,,,
1990,Mitchell Open Board-a-Match Teams,1,Robert Thomson,,,
1990,Mitchell Open Board-a-Match Teams,1,0,,,
1990,Mitchell Open Board-a-Match Teams,1,0,,,
1990,Mitchell Open Board-a-Match Teams,2,Bobby Levin,,,
1990,Mitchell Open Board-a-Match Teams,2,Eddie Wold,,,
1990,Mitchell Open Board-a-Match Teams,2,George Rosenkranz,,,
1990,Mitchell Open Board-a-Match Teams,2,Larry N. Cohen,,,
1990,Mitchell Open Board-a-Match Teams,2,Marty Bergen,,,
1990,Mitchell Open Board-a-Match Teams,2,Peter Weichsel,,,
1989,Mitchell Open Board-a-Match Teams,1,Ed Manfield,,,
1989,Mitchell Open Board-a-Match Teams,1,Kit Woolsey,,,
1989,Mitchell Open Board-a-Match Teams,1,Peter Boyd,,,
1989,Mitchell Open Board-a-Match Teams,1,Steve Robinson,,,
1989,Mitchell Open Board-a-Match Teams,1,0,,,
1989,Mitchell Open Board-a-Match Teams,1,0,,,
1989,Mitchell Open Board-a-Match Teams,2,Bob Hamman,,,
1989,Mitchell Open Board-a-Match Teams,2,Bobby Wolff,,,
1989,Mitchell Open Board-a-Match Teams,2,Chuck Burger,,,
1989,Mitchell Open Board-a-Match Teams,2,David Berkowitz,,,
1989,Mitchell Open Board-a-Match Teams,2,Jimmy Cayne,,,
1989,Mitchell Open Board-a-Match Teams,2,Lew Stansby,,,
1988,Mitchell Open Board-a-Match Teams,1,Bob Hamman,,,
1988,Mitchell Open Board-a-Match Teams,1,Bobby Wolff,,,
1988,Mitchell Open Board-a-Match Teams,1,Chuck Burger,,,
1988,Mitchell Open Board-a-Match Teams,1,Jimmy Cayne,,,
1988,Mitchell Open Board-a-Match Teams,1,Mark Lair,,,
1988,Mitchell Open Board-a-Match Teams,1,Mike Passell,,,
1988,Mitchell Open Board-a-Match Teams,2,Albert Rahmey,,,
1988,Mitchell Open Board-a-Match Teams,2,Drew Casen,,,
1988,Mitchell Open Board-a-Match Teams,2,Howard Hertzberg,,,
1988,Mitchell Open Board-a-Match Teams,2,Michael Moss,,,
1988,Mitchell Open Board-a-Match Teams,2,Victor Mitchell,,,
1988,Mitchell Open Board-a-Match Teams,2,0,,,
1987,Mitchell Open Board-a-Match Teams,1,Bobby Levin,,,
1987,Mitchell Open Board-a-Match Teams,1,Eddie Wold,,,
1987,Mitchell Open Board-a-Match Teams,1,George Rosenkranz,,,
1987,Mitchell Open Board-a-Match Teams,1,Ira Chorush,,,
1987,Mitchell Open Board-a-Match Teams,1,Peter Weichsel,,,
1987,Mitchell Open Board-a-Match Teams,1,0,,,
1987,Mitchell Open Board-a-Match Teams,2,Bart Bramley,,,
1987,Mitchell Open Board-a-Match Teams,2,Howard Weinstein,,,
1987,Mitchell Open Board-a-Match Teams,2,Lou Bluhm,,,
1987,Mitchell Open Board-a-Match Teams,2,Steve Garner,,,
1987,Mitchell Open Board-a-Match Teams,2,0,,,
1987,Mitchell Open Board-a-Match Teams,2,0,,,
1986,Mitchell Open Board-a-Match Teams,1,Ed Manfield,,,
1986,Mitchell Open Board-a-Match Teams,1,Gene Freed,,,
1986,Mitchell Open Board-a-Match Teams,1,Kit Woolsey,,,
1986,Mitchell Open Board-a-Match Teams,1,Mark Lair,,,
1986,Mitchell Open Board-a-Match Teams,1,Mike Passell,,,
1986,Mitchell Open Board-a-Match Teams,1,0,,,
1986,Mitchell Open Board-a-Match Teams,2,Bob Teel,,,
1986,Mitchell Open Board-a-Match Teams,2,Don Caton,,,
1986,Mitchell Open Board-a-Match Teams,2,Gene Simpson,,,
1986,Mitchell Open Board-a-Match Teams,2,Robert Kehoe,,,
1986,Mitchell Open Board-a-Match Teams,2,0,,,
1986,Mitchell Open Board-a-Match Teams,2,0,,,
1985,Mitchell Open Board-a-Match Teams,1,Dan Rotman,,,
1985,Mitchell Open Board-a-Match Teams,1,Hal Mouser,,,
1985,Mitchell Open Board-a-Match Teams,1,Josh Parker,,,
1985,Mitchell Open Board-a-Match Teams,1,Ron Gerard,,,
1985,Mitchell Open Board-a-Match Teams,1,0,,,
1985,Mitchell Open Board-a-Match Teams,1,0,,,
1985,Mitchell Open Board-a-Match Teams,2,Alan Sontag,,,
1985,Mitchell Open Board-a-Match Teams,2,John Devine,,,
1985,Mitchell Open Board-a-Match Teams,2,John Mohan,,,
1985,Mitchell Open Board-a-Match Teams,2,Roger Bates,,,
1985,Mitchell Open Board-a-Match Teams,2,0,,,
1985,Mitchell Open Board-a-Match Teams,2,0,,,
1984,Mitchell Open Board-a-Match Teams,1,Eddie Wold,,,
1984,Mitchell Open Board-a-Match Teams,1,Eric Rodwell,,,
1984,Mitchell Open Board-a-Match Teams,1,George Rosenkranz,,,
1984,Mitchell Open Board-a-Match Teams,1,Jeff Meckstroth,,,
1984,Mitchell Open Board-a-Match Teams,1,Larry N. Cohen,,,
1984,Mitchell Open Board-a-Match Teams,1,Marty Bergen,,,
1984,Mitchell Open Board-a-Match Teams,2,Bob Hamman,,,
1984,Mitchell Open Board-a-Match Teams,2,Bobby Goldman,,,
1984,Mitchell Open Board-a-Match Teams,2,Bobby Wolff,,,
1984,Mitchell Open Board-a-Match Teams,2,Malcolm Brachman,,,
1984,Mitchell Open Board-a-Match Teams,2,Paul Soloway,,,
1984,Mitchell Open Board-a-Match Teams,2,Ron Andersen,,,
1983,Mitchell Open Board-a-Match Teams,1,Grant Baze,,,
1983,Mitchell Open Board-a-Match Teams,1,Harold Guiver,,,
1983,Mitchell Open Board-a-Match Teams,1,John Sutherlin,,,
1983,Mitchell Open Board-a-Match Teams,1,Thomas K. Sanders,,,
1983,Mitchell Open Board-a-Match Teams,1,0,,,
1983,Mitchell Open Board-a-Match Teams,1,0,,,
1983,Mitchell Open Board-a-Match Teams,2,Bobby Levin,,,
1983,Mitchell Open Board-a-Match Teams,2,Cliff Russell,,,
1983,Mitchell Open Board-a-Match Teams,2,John Solodar,,,
1983,Mitchell Open Board-a-Match Teams,2,Lou Bluhm,,,
1983,Mitchell Open Board-a-Match Teams,2,Richard Freeman,,,
1983,Mitchell Open Board-a-Match Teams,2,Ron Gerard,,,
1982,Mitchell Open Board-a-Match Teams,1,Al Rand,,,
1982,Mitchell Open Board-a-Match Teams,1,David Berkowitz,,,
1982,Mitchell Open Board-a-Match Teams,1,Harold Lilie,,,
1982,Mitchell Open Board-a-Match Teams,1,Matt Granovetter,,,
1982,Mitchell Open Board-a-Match Teams,1,0,,,
1982,Mitchell Open Board-a-Match Teams,1,0,,,
1982,Mitchell Open Board-a-Match Teams,2,Bob Blanchard,,,
1982,Mitchell Open Board-a-Match Teams,2,Chuck Lamprey,,,
1982,Mitchell Open Board-a-Match Teams,2,Drew Casen,,,
1982,Mitchell Open Board-a-Match Teams,2,Thomas Smith,,,
1982,Mitchell Open Board-a-Match Teams,2,0,,,
1982,Mitchell Open Board-a-Match Teams,2,0,,,
1981,Mitchell Open Board-a-Match Teams,1,Allan Stauber,,,
1981,Mitchell Open Board-a-Match Teams,1,Joey Silver,,,
1981,Mitchell Open Board-a-Match Teams,1,Marty Bergen,,,
1981,Mitchell Open Board-a-Match Teams,1,Neil Chambers,,,
1981,Mitchell Open Board-a-Match Teams,1,0,,,
1981,Mitchell Open Board-a-Match Teams,1,0,,,
1981,Mitchell Open Board-a-Match Teams,2,Bert Newman,,,
1981,Mitchell Open Board-a-Match Teams,2,Jim Gardner,,,
1981,Mitchell Open Board-a-Match Teams,2,Marc Culberson,,,
1981,Mitchell Open Board-a-Match Teams,2,Mike Aliotta,,,
1981,Mitchell Open Board-a-Match Teams,2,0,,,
1981,Mitchell Open Board-a-Match Teams,2,0,,,
1980,Mitchell Open Board-a-Match Teams,1,Bart Bramley,,,
1980,Mitchell Open Board-a-Match Teams,1,Billy Rosen,,,
1980,Mitchell Open Board-a-Match Teams,1,George Tornay,,,
1980,Mitchell Open Board-a-Match Teams,1,Milton Rosenberg,,,
1980,Mitchell Open Board-a-Match Teams,1,Ross Grabel,,,
1980,Mitchell Open Board-a-Match Teams,1,Samuel M. Stayman,,,
1980,Mitchell Open Board-a-Match Teams,2,Bob Hamman,,,
1980,Mitchell Open Board-a-Match Teams,2,Bobby Wolff,,,
1980,Mitchell Open Board-a-Match Teams,2,Fred Hamilton,,,
1980,Mitchell Open Board-a-Match Teams,2,Ira G. Corn Jr.,,,
1980,Mitchell Open Board-a-Match Teams,2,Ira Rubin,,,
1980,Mitchell Open Board-a-Match Teams,2,0,,,
1979,Mitchell Open Board-a-Match Teams,1,Alan Sontag,,,
1979,Mitchell Open Board-a-Match Teams,1,Allan Cokin,,,
1979,Mitchell Open Board-a-Match Teams,1,Jim Sternberg,,,
1979,Mitchell Open Board-a-Match Teams,1,Peter Weichsel,,,
1979,Mitchell Open Board-a-Match Teams,1,Steve Sion,,,
1979,Mitchell Open Board-a-Match Teams,1,0,,,
1979,Mitchell Open Board-a-Match Teams,2,David Hoffner,,,
1979,Mitchell Open Board-a-Match Teams,2,David Sacks,,,
1979,Mitchell Open Board-a-Match Teams,2,Gary Hann,,,
1979,Mitchell Open Board-a-Match Teams,2,Mike Cappelletti Sr,,,
1979,Mitchell Open Board-a-Match Teams,2,Ron Feldman,,,
1979,Mitchell Open Board-a-Match Teams,2,Zeke Jabbour,,,
1978,Mitchell Open Board-a-Match Teams,1,Eric Kokish,,,
1978,Mitchell Open Board-a-Match Teams,1,John Schermer,,,
1978,Mitchell Open Board-a-Match Teams,1,Kit Woolsey,,,
1978,Mitchell Open Board-a-Match Teams,1,Neil Chambers,,,
1978,Mitchell Open Board-a-Match Teams,1,Peter Nagy,,,
1978,Mitchell Open Board-a-Match Teams,1,Steve Robinson,,,
1978,Mitchell Open Board-a-Match Teams,2,David Lehman,,,
1978,Mitchell Open Board-a-Match Teams,2,Dick Melson,,,
1978,Mitchell Open Board-a-Match Teams,2,Larry Oakey,,,
1978,Mitchell Open Board-a-Match Teams,2,Steve Garner,,,
1978,Mitchell Open Board-a-Match Teams,2,0,,,
1978,Mitchell Open Board-a-Match Teams,2,0,,,
1977,Mitchell Open Board-a-Match Teams,1,Bruce Ferguson,,,
1977,Mitchell Open Board-a-Match Teams,1,Irv Kostal,,,
1977,Mitchell Open Board-a-Match Teams,1,Lou Bluhm,,,
1977,Mitchell Open Board-a-Match Teams,1,Richard E. Doughty,,,
1977,Mitchell Open Board-a-Match Teams,1,Ron L. Smith,,,
1977,Mitchell Open Board-a-Match Teams,1,Sidney H. Lazard,,,
1977,Mitchell Open Board-a-Match Teams,2,Alvin Roth,,,
1977,Mitchell Open Board-a-Match Teams,2,Art Waldmann,,,
1977,Mitchell Open Board-a-Match Teams,2,Cliff Russell,,,
1977,Mitchell Open Board-a-Match Teams,2,Curtis K. Smith,,,
1977,Mitchell Open Board-a-Match Teams,2,Merle Tom,,,
1977,Mitchell Open Board-a-Match Teams,2,Richard Freeman,,,
1976,Mitchell Open Board-a-Match Teams,1,David Ashley,,,
1976,Mitchell Open Board-a-Match Teams,1,John Lowenthal,,,
1976,Mitchell Open Board-a-Match Teams,1,Mike Smolen,,,
1976,Mitchell Open Board-a-Match Teams,1,Paul Heitner,,,
1976,Mitchell Open Board-a-Match Teams,1,0,,,
1976,Mitchell Open Board-a-Match Teams,1,0,,,
1976,Mitchell Open Board-a-Match Teams,2,Bart Bramley,,,
1976,Mitchell Open Board-a-Match Teams,2,Howard Piltch,,,
1976,Mitchell Open Board-a-Match Teams,2,Ira Rubin,,,
1976,Mitchell Open Board-a-Match Teams,2,Lou Reich,,,
1976,Mitchell Open Board-a-Match Teams,2,Marvin Herbert,,,
1976,Mitchell Open Board-a-Match Teams,2,0,,,
1975,Mitchell Open Board-a-Match Teams,1,George Rapee,,,
1975,Mitchell Open Board-a-Match Teams,1,Matt Granovetter,,,
1975,Mitchell Open Board-a-Match Teams,1,Ron Rubin,,,
1975,Mitchell Open Board-a-Match Teams,1,William Grieve,,,
1975,Mitchell Open Board-a-Match Teams,1,0,,,
1975,Mitchell Open Board-a-Match Teams,1,0,,,
1975,Mitchell Open Board-a-Match Teams,2,Edgar Kaplan,,,
1975,Mitchell Open Board-a-Match Teams,2,George Rosenkranz,,,
1975,Mitchell Open Board-a-Match Teams,2,Norman Kay,,,
1975,Mitchell Open Board-a-Match Teams,2,Roger Bates,,,
1975,Mitchell Open Board-a-Match Teams,2,0,,,
1975,Mitchell Open Board-a-Match Teams,2,0,,,
1974,Mitchell Open Board-a-Match Teams,1,Hugh C. MacLean,,,
1974,Mitchell Open Board-a-Match Teams,1,Mark Feldman,,,
1974,Mitchell Open Board-a-Match Teams,1,Merle Tom,,,
1974,Mitchell Open Board-a-Match Teams,1,Ron Andersen,,,
1974,Mitchell Open Board-a-Match Teams,1,Stephen Goldstein,,,
1974,Mitchell Open Board-a-Match Teams,1,0,,,
1974,Mitchell Open Board-a-Match Teams,2/3,Eric Kokish,,,
1974,Mitchell Open Board-a-Match Teams,2/3,Joey Silver,,,
1974,Mitchell Open Board-a-Match Teams,2/3,Mike Smolen,,,
1974,Mitchell Open Board-a-Match Teams,2/3,Steve Robinson,,,
1974,Mitchell Open Board-a-Match Teams,2/3,0,,,
1974,Mitchell Open Board-a-Match Teams,2/3,0,,,
1974,Mitchell Open Board-a-Match Teams,2/3,Bill Sides,,,
1974,Mitchell Open Board-a-Match Teams,2/3,Harold Guiver,,,
1974,Mitchell Open Board-a-Match Teams,2/3,Marty Shallon,,,
1974,Mitchell Open Board-a-Match Teams,2/3,Mike Shuman,,,
1974,Mitchell Open Board-a-Match Teams,2/3,0,,,
1974,Mitchell Open Board-a-Match Teams,2/3,0,,,
1973,Mitchell Open Board-a-Match Teams,1,Bobby Wolff,,,
1973,Mitchell Open Board-a-Match Teams,1,Garey Hayden,,,
1973,Mitchell Open Board-a-Match Teams,1,Gaylor Kasle,,,
1973,Mitchell Open Board-a-Match Teams,1,Jim Jacoby,,,
1973,Mitchell Open Board-a-Match Teams,1,John Simon,,,
1973,Mitchell Open Board-a-Match Teams,1,0,,,
1973,Mitchell Open Board-a-Match Teams,2/3,Larry Gould,,,
1973,Mitchell Open Board-a-Match Teams,2/3,Lou Bluhm,,,
1973,Mitchell Open Board-a-Match Teams,2/3,Steve Goldberg,,,
1973,Mitchell Open Board-a-Match Teams,2/3,Steve Robinson,,,
1973,Mitchell Open Board-a-Match Teams,2/3,0,,,
1973,Mitchell Open Board-a-Match Teams,2/3,0,,,
1973,Mitchell Open Board-a-Match Teams,2/3,Alvin Roth,,,
1973,Mitchell Open Board-a-Match Teams,2/3,Cliff Russell,,,
1973,Mitchell Open Board-a-Match Teams,2/3,John R. Crawford,,,
1973,Mitchell Open Board-a-Match Teams,2/3,Norm Kurlander,,,
1973,Mitchell Open Board-a-Match Teams,2/3,William Seamon,,,
1973,Mitchell Open Board-a-Match Teams,2/3,0,,,
1972,Mitchell Open Board-a-Match Teams,1,Bobby Wolff,,,
1972,Mitchell Open Board-a-Match Teams,1,Jack Blair,,,
1972,Mitchell Open Board-a-Match Teams,1,Jim Jacoby,,,
1972,Mitchell Open Board-a-Match Teams,1,John Simon,,,
1972,Mitchell Open Board-a-Match Teams,1,Paul Swanson,,,
1972,Mitchell Open Board-a-Match Teams,1,0,,,
1972,Mitchell Open Board-a-Match Teams,2,Donald P. Krauss,,,
1972,Mitchell Open Board-a-Match Teams,2,George Rapee,,,
1972,Mitchell Open Board-a-Match Teams,2,Grant Baze,,,
1972,Mitchell Open Board-a-Match Teams,2,Lewis L. Mathe,,,
1972,Mitchell Open Board-a-Match Teams,2,Peter A. Pender,,,
1972,Mitchell Open Board-a-Match Teams,2,William Grieve,,,
1971,Mitchell Open Board-a-Match Teams,1,Alan Sontag,,,
1971,Mitchell Open Board-a-Match Teams,1,Alvin Roth,,,
1971,Mitchell Open Board-a-Match Teams,1,Bernie Chazen,,,
1971,Mitchell Open Board-a-Match Teams,1,Paul Trent,,,
1971,Mitchell Open Board-a-Match Teams,1,0,,,
1971,Mitchell Open Board-a-Match Teams,1,0,,,
1971,Mitchell Open Board-a-Match Teams,2,Barry Crane,,,
1971,Mitchell Open Board-a-Match Teams,2,Dr. John Fisher,,,
1971,Mitchell Open Board-a-Match Teams,2,Gerald Caravelli,,,
1971,Mitchell Open Board-a-Match Teams,2,Larry Cohen,,,
1971,Mitchell Open Board-a-Match Teams,2,0,,,
1971,Mitchell Open Board-a-Match Teams,2,0,,,
1970,Mitchell Open Board-a-Match Teams,1,Bernie Bergovoy,,,
1970,Mitchell Open Board-a-Match Teams,1,Don Pearson,,,
1970,Mitchell Open Board-a-Match Teams,1,Donald P. Krauss,,,
1970,Mitchell Open Board-a-Match Teams,1,John Swanson,,,
1970,Mitchell Open Board-a-Match Teams,1,Lewis L. Mathe,,,
1970,Mitchell Open Board-a-Match Teams,1,Richard Walsh,,,
1970,Mitchell Open Board-a-Match Teams,2,Eddie Kantar,,,
1970,Mitchell Open Board-a-Match Teams,2,Kyle Larsen,,,
1970,Mitchell Open Board-a-Match Teams,2,Paul Soloway,,,
1970,Mitchell Open Board-a-Match Teams,2,Ron Von der Porten,,,
1970,Mitchell Open Board-a-Match Teams,2,0,,,
1970,Mitchell Open Board-a-Match Teams,2,0,,,
1969,Mitchell Open Board-a-Match Teams,1,Alvin Roth,,,
1969,Mitchell Open Board-a-Match Teams,1,Chuck Burger,,,
1969,Mitchell Open Board-a-Match Teams,1,Jimmy Cayne,,,
1969,Mitchell Open Board-a-Match Teams,1,Paul Trent,,,
1969,Mitchell Open Board-a-Match Teams,1,0,,,
1969,Mitchell Open Board-a-Match Teams,1,0,,,
1969,Mitchell Open Board-a-Match Teams,2/3,Billy Eisenberg,,,
1969,Mitchell Open Board-a-Match Teams,2/3,Bob Hamman,,,
1969,Mitchell Open Board-a-Match Teams,2/3,Bobby Goldman,,,
1969,Mitchell Open Board-a-Match Teams,2/3,Bobby Wolff,,,
1969,Mitchell Open Board-a-Match Teams,2/3,Jim Jacoby,,,
1969,Mitchell Open Board-a-Match Teams,2/3,Mike Lawrence,,,
1969,Mitchell Open Board-a-Match Teams,2/3,Bill Riester,,,
1969,Mitchell Open Board-a-Match Teams,2/3,Charles M. MacCracken,,,
1969,Mitchell Open Board-a-Match Teams,2/3,Martin J. Cohn,,,
1969,Mitchell Open Board-a-Match Teams,2/3,Norman H. Fischer,,,
1969,Mitchell Open Board-a-Match Teams,2/3,0,,,
1969,Mitchell Open Board-a-Match Teams,2/3,0,,,
1968,Mitchell Open Board-a-Match Teams,1,Billy Eisenberg,,,
1968,Mitchell Open Board-a-Match Teams,1,Bobby Goldman,,,
1968,Mitchell Open Board-a-Match Teams,1,Bobby Wolff,,,
1968,Mitchell Open Board-a-Match Teams,1,Ira G. Corn Jr.,,,
1968,Mitchell Open Board-a-Match Teams,1,Jim Jacoby,,,
1968,Mitchell Open Board-a-Match Teams,1,Mike Lawrence,,,
1968,Mitchell Open Board-a-Match Teams,2,Charles Coon,,,
1968,Mitchell Open Board-a-Match Teams,2,Joel Stuart,,,
1968,Mitchell Open Board-a-Match Teams,2,Mike Becker,,,
1968,Mitchell Open Board-a-Match Teams,2,Peter Weichsel,,,
1968,Mitchell Open Board-a-Match Teams,2,Richard Zeckhauser,,,
1968,Mitchell Open Board-a-Match Teams,2,0,,,
1967,Mitchell Open Board-a-Match Teams,1,Gary Stark,,,
1967,Mitchell Open Board-a-Match Teams,1,J. Robert Patterson,,,
1967,Mitchell Open Board-a-Match Teams,1,Jim R. Dunlap,,,
1967,Mitchell Open Board-a-Match Teams,1,Lawrence Jolma,,,
1967,Mitchell Open Board-a-Match Teams,1,Thomas E. Bussey,,,
1967,Mitchell Open Board-a-Match Teams,1,0,,,
1967,Mitchell Open Board-a-Match Teams,2,Ed Barlow,,,
1967,Mitchell Open Board-a-Match Teams,2,John Sutherlin,,,
1967,Mitchell Open Board-a-Match Teams,2,Phil Read,,,
1967,Mitchell Open Board-a-Match Teams,2,Robert Spots,,,
1967,Mitchell Open Board-a-Match Teams,2,0,,,
1967,Mitchell Open Board-a-Match Teams,2,0,,,
1966,Mitchell Open Board-a-Match Teams,1,Edgar Kaplan,,,
1966,Mitchell Open Board-a-Match Teams,1,Norman Kay,,,
1966,Mitchell Open Board-a-Match Teams,1,Phil Feldesman,,,
1966,Mitchell Open Board-a-Match Teams,1,Richard Freeman,,,
1966,Mitchell Open Board-a-Match Teams,1,0,,,
1966,Mitchell Open Board-a-Match Teams,1,0,,,
1966,Mitchell Open Board-a-Match Teams,2,Antonio H. Dionisi,,,
1966,Mitchell Open Board-a-Match Teams,2,Harlow S. Lewis,,,
1966,Mitchell Open Board-a-Match Teams,2,Jeremy Flint,,,
1966,Mitchell Open Board-a-Match Teams,2,Peter A. Pender,,,
1966,Mitchell Open Board-a-Match Teams,2,0,,,
1966,Mitchell Open Board-a-Match Teams,2,0,,,
1965,Mitchell Open Board-a-Match Teams,1,Charles J. Solomon,,,
1965,Mitchell Open Board-a-Match Teams,1,Harry Fishbein,,,
1965,Mitchell Open Board-a-Match Teams,1,Jeff Rubens,,,
1965,Mitchell Open Board-a-Match Teams,1,Roger Stern,,,
1965,Mitchell Open Board-a-Match Teams,1,0,,,
1965,Mitchell Open Board-a-Match Teams,1,0,,,
1965,Mitchell Open Board-a-Match Teams,2,Dan Rotman,,,
1965,Mitchell Open Board-a-Match Teams,2,Phil Feldesman,,,
1965,Mitchell Open Board-a-Match Teams,2,Samuel M. Stayman,,,
1965,Mitchell Open Board-a-Match Teams,2,Sidney H. Lazard,,,
1965,Mitchell Open Board-a-Match Teams,2,Victor Mitchell,,,
1965,Mitchell Open Board-a-Match Teams,2,0,,,
1964,Mitchell Open Board-a-Match Teams,1,Alfred Sheinwold,,,
1964,Mitchell Open Board-a-Match Teams,1,Harold Guiver,,,
1964,Mitchell Open Board-a-Match Teams,1,Ivan Erdos,,,
1964,Mitchell Open Board-a-Match Teams,1,Mike Lawrence,,,
1964,Mitchell Open Board-a-Match Teams,1,0,,,
1964,Mitchell Open Board-a-Match Teams,1,0,,,
1964,Mitchell Open Board-a-Match Teams,2,Bobby Nail,,,
1964,Mitchell Open Board-a-Match Teams,2,Charles Coon,,,
1964,Mitchell Open Board-a-Match Teams,2,Frank T. Westcott,,,
1964,Mitchell Open Board-a-Match Teams,2,Robert Stucker,,,
1964,Mitchell Open Board-a-Match Teams,2,0,,,
1964,Mitchell Open Board-a-Match Teams,2,0,,,
1963,Mitchell Open Board-a-Match Teams,1,Phil Feldesman,,,
1963,Mitchell Open Board-a-Match Teams,1,Samuel M. Stayman,,,
1963,Mitchell Open Board-a-Match Teams,1,Tobias Stone,,,
1963,Mitchell Open Board-a-Match Teams,1,Victor Mitchell,,,
1963,Mitchell Open Board-a-Match Teams,1,0,,,
1963,Mitchell Open Board-a-Match Teams,1,0,,,
1963,Mitchell Open Board-a-Match Teams,2,B. Jay Becker,,,
1963,Mitchell Open Board-a-Match Teams,2,Bill Root,,,
1963,Mitchell Open Board-a-Match Teams,2,Norman Kay,,,
1963,Mitchell Open Board-a-Match Teams,2,Sidney Silodor,,,
1963,Mitchell Open Board-a-Match Teams,2,Sol Rubinow,,,
1963,Mitchell Open Board-a-Match Teams,2,0,,,
1962,Mitchell Open Board-a-Match Teams,1/2,Eric R. Murray,,,
1962,Mitchell Open Board-a-Match Teams,1/2,Phil Feldesman,,,
1962,Mitchell Open Board-a-Match Teams,1/2,Richard Freeman,,,
1962,Mitchell Open Board-a-Match Teams,1/2,Samuel M. Stayman,,,
1962,Mitchell Open Board-a-Match Teams,1/2,Victor Mitchell,,,
1962,Mitchell Open Board-a-Match Teams,1/2,0,,,
1962,Mitchell Open Board-a-Match Teams,1/2,Edward O. Taylor,,,
1962,Mitchell Open Board-a-Match Teams,1/2,Harold Guiver,,,
1962,Mitchell Open Board-a-Match Teams,1/2,Lewis L. Mathe,,,
1962,Mitchell Open Board-a-Match Teams,1/2,Paul Allinger,,,
1962,Mitchell Open Board-a-Match Teams,1/2,0,,,
1962,Mitchell Open Board-a-Match Teams,1/2,0,,,
1961,Mitchell Open Board-a-Match Teams,1,Alvin Roth,,,
1961,Mitchell Open Board-a-Match Teams,1,John R. Crawford,,,
1961,Mitchell Open Board-a-Match Teams,1,Norman Kay,,,
1961,Mitchell Open Board-a-Match Teams,1,Sidney Silodor,,,
1961,Mitchell Open Board-a-Match Teams,1,Tobias Stone,,,
1961,Mitchell Open Board-a-Match Teams,1,0,,,
1961,Mitchell Open Board-a-Match Teams,2,Bobby Nail,,,
1961,Mitchell Open Board-a-Match Teams,2,Edgar Kaplan,,,
1961,Mitchell Open Board-a-Match Teams,2,Mervin Key,,,
1961,Mitchell Open Board-a-Match Teams,2,Sidney H. Lazard,,,
1961,Mitchell Open Board-a-Match Teams,2,0,,,
1961,Mitchell Open Board-a-Match Teams,2,0,,,
1960,Mitchell Open Board-a-Match Teams,1,Alan W. Messer,,,
1960,Mitchell Open Board-a-Match Teams,1,Burrell I. Humphreys,,,
1960,Mitchell Open Board-a-Match Teams,1,Charles Denby,,,
1960,Mitchell Open Board-a-Match Teams,1,Marty Scheinberg,,,
1960,Mitchell Open Board-a-Match Teams,1,Robert P. Wakeman,,,
1960,Mitchell Open Board-a-Match Teams,1,0,,,
1960,Mitchell Open Board-a-Match Teams,2/4,Charles J. Solomon,,,
1960,Mitchell Open Board-a-Match Teams,2/4,Harry Fishbein,,,
1960,Mitchell Open Board-a-Match Teams,2/4,John Gerber,,,
1960,Mitchell Open Board-a-Match Teams,2/4,Paul Hodge,,,
1960,Mitchell Open Board-a-Match Teams,2/4,0,,,
1960,Mitchell Open Board-a-Match Teams,2/4,0,,,
1960,Mitchell Open Board-a-Match Teams,2/4,Donald McGee,,,
1960,Mitchell Open Board-a-Match Teams,2/4,Jerzy Zawisza,,,
1960,Mitchell Open Board-a-Match Teams,2/4,John Siverts,,,
1960,Mitchell Open Board-a-Match Teams,2/4,Wilfred Dumas,,,
1960,Mitchell Open Board-a-Match Teams,2/4,0,,,
1960,Mitchell Open Board-a-Match Teams,2/4,0,,,
1960,Mitchell Open Board-a-Match Teams,2/4,Dave Treadwell,,,
1960,Mitchell Open Board-a-Match Teams,2/4,Eli Reich,,,
1960,Mitchell Open Board-a-Match Teams,2/4,J.R. Hughes,,,
1960,Mitchell Open Board-a-Match Teams,2/4,Marvin Paulshock,,,
1960,Mitchell Open Board-a-Match Teams,2/4,0,,,
1960,Mitchell Open Board-a-Match Teams,2/4,0,,,
1959,Mitchell Open Board-a-Match Teams,1,Ivan Erdos,,,
1959,Mitchell Open Board-a-Match Teams,1,Ollie Adams,,,
1959,Mitchell Open Board-a-Match Teams,1,Oswald Jacoby,,,
1959,Mitchell Open Board-a-Match Teams,1,Robert G. Sharp,,,
1959,Mitchell Open Board-a-Match Teams,1,0,,,
1959,Mitchell Open Board-a-Match Teams,1,0,,,
1959,Mitchell Open Board-a-Match Teams,2,B. Jay Becker,,,
1959,Mitchell Open Board-a-Match Teams,2,John R. Crawford,,,
1959,Mitchell Open Board-a-Match Teams,2,Sidney Silodor,,,
1959,Mitchell Open Board-a-Match Teams,2,Tobias Stone,,,
1959,Mitchell Open Board-a-Match Teams,2,0,,,
1959,Mitchell Open Board-a-Match Teams,2,0,,,
1958,Mitchell Open Board-a-Match Teams,1,Alvin Landy,,,
1958,Mitchell Open Board-a-Match Teams,1,Arthur S. Goldsmith,,,
1958,Mitchell Open Board-a-Match Teams,1,Elmer I. Schwartz,,,
1958,Mitchell Open Board-a-Match Teams,1,Jeff Glick,,,
1958,Mitchell Open Board-a-Match Teams,1,Vic D. Zeve,,,
1958,Mitchell Open Board-a-Match Teams,1,0,,,
1958,Mitchell Open Board-a-Match Teams,2,Edgar Kaplan,,,
1958,Mitchell Open Board-a-Match Teams,2,Norman Kay,,,
1958,Mitchell Open Board-a-Match Teams,2,Ralph Hirschberg,,,
1958,Mitchell Open Board-a-Match Teams,2,Richard Freeman,,,
1958,Mitchell Open Board-a-Match Teams,2,0,,,
1958,Mitchell Open Board-a-Match Teams,2,0,,,
1957,Mitchell Open Board-a-Match Teams,1,Donald A. Oakie,,,
1957,Mitchell Open Board-a-Match Teams,1,Edward O. Taylor,,,
1957,Mitchell Open Board-a-Match Teams,1,Lewis L. Mathe,,,
1957,Mitchell Open Board-a-Match Teams,1,Meyer Schleifer,,,
1957,Mitchell Open Board-a-Match Teams,1,0,,,
1957,Mitchell Open Board-a-Match Teams,1,0,,,
1957,Mitchell Open Board-a-Match Teams,2,Alvin Roth,,,
1957,Mitchell Open Board-a-Match Teams,2,Israel Cohen,,,
1957,Mitchell Open Board-a-Match Teams,2,Ivar Stakgold,,,
1957,Mitchell Open Board-a-Match Teams,2,John C. Kunkel,,,
1957,Mitchell Open Board-a-Match Teams,2,Richard Freeman,,,
1957,Mitchell Open Board-a-Match Teams,2,0,,,
1956,Mitchell Open Board-a-Match Teams,1,Ben Fain,,,
1956,Mitchell Open Board-a-Match Teams,1,John R. Crawford,,,
1956,Mitchell Open Board-a-Match Teams,1,Paul Hodge,,,
1956,Mitchell Open Board-a-Match Teams,1,Sidney Silodor,,,
1956,Mitchell Open Board-a-Match Teams,1,0,,,
1956,Mitchell Open Board-a-Match Teams,1,0,,,
1956,Mitchell Open Board-a-Match Teams,2/3,Dr. John Fisher,,,
1956,Mitchell Open Board-a-Match Teams,2/3,Emanuel Hochfeld,,,
1956,Mitchell Open Board-a-Match Teams,2/3,Oswald Jacoby,,,
1956,Mitchell Open Board-a-Match Teams,2/3,Paul Allinger,,,
1956,Mitchell Open Board-a-Match Teams,2/3,Sidney H. Lazard,,,
1956,Mitchell Open Board-a-Match Teams,2/3,0,,,
1956,Mitchell Open Board-a-Match Teams,2/3,Barry Crane,,,
1956,Mitchell Open Board-a-Match Teams,2/3,Clarence Strouse,,,
1956,Mitchell Open Board-a-Match Teams,2/3,Harold Rockaway,,,
1956,Mitchell Open Board-a-Match Teams,2/3,John H. Toledano,,,
1956,Mitchell Open Board-a-Match Teams,2/3,0,,,
1956,Mitchell Open Board-a-Match Teams,2/3,0,,,
1955,Mitchell Open Board-a-Match Teams,1,Alvin Roth,,,
1955,Mitchell Open Board-a-Match Teams,1,Edgar Kaplan,,,
1955,Mitchell Open Board-a-Match Teams,1,Norman Kay,,,
1955,Mitchell Open Board-a-Match Teams,1,Ralph Hirschberg,,,
1955,Mitchell Open Board-a-Match Teams,1,Richard Freeman,,,
1955,Mitchell Open Board-a-Match Teams,1,0,,,
1955,Mitchell Open Board-a-Match Teams,2,Charles H. Goren,,,
1955,Mitchell Open Board-a-Match Teams,2,Charles J. Solomon,,,
1955,Mitchell Open Board-a-Match Teams,2,Peter A. Leventritt,,,
1955,Mitchell Open Board-a-Match Teams,2,Samuel M. Stayman,,,
1955,Mitchell Open Board-a-Match Teams,2,0,,,
1955,Mitchell Open Board-a-Match Teams,2,0,,,
1954,Mitchell Open Board-a-Match Teams,1,Aaron Frank,,,
1954,Mitchell Open Board-a-Match Teams,1,Alvin Landy,,,
1954,Mitchell Open Board-a-Match Teams,1,Arthur S. Goldsmith,,,
1954,Mitchell Open Board-a-Match Teams,1,Jeff Glick,,,
1954,Mitchell Open Board-a-Match Teams,1,Sol Mogal,,,
1954,Mitchell Open Board-a-Match Teams,1,0,,,
1954,Mitchell Open Board-a-Match Teams,2,Dr. John Fisher,,,
1954,Mitchell Open Board-a-Match Teams,2,Henry Chanin,,,
1954,Mitchell Open Board-a-Match Teams,2,Jim Jacoby,,,
1954,Mitchell Open Board-a-Match Teams,2,Oswald Jacoby,,,
1954,Mitchell Open Board-a-Match Teams,2,Sidney H. Lazard,,,
1954,Mitchell Open Board-a-Match Teams,2,0,,,
1953,Mitchell Open Board-a-Match Teams,1,Ben Fain,,,
1953,Mitchell Open Board-a-Match Teams,1,George Heath,,,
1953,Mitchell Open Board-a-Match Teams,1,Harold Rockaway,,,
1953,Mitchell Open Board-a-Match Teams,1,John Gerber,,,
1953,Mitchell Open Board-a-Match Teams,1,Paul Hodge,,,
1953,Mitchell Open Board-a-Match Teams,1,0,,,
1953,Mitchell Open Board-a-Match Teams,2,Arnold Kauder,,,
1953,Mitchell Open Board-a-Match Teams,2,Cliff Bishop,,,
1953,Mitchell Open Board-a-Match Teams,2,Douglas Steen,,,
1953,Mitchell Open Board-a-Match Teams,2,Harry Fishbein,,,
1953,Mitchell Open Board-a-Match Teams,2,John H. Moran,,,
1953,Mitchell Open Board-a-Match Teams,2,0,,,
1952,Mitchell Open Board-a-Match Teams,1,Charles H. Goren,,,
1952,Mitchell Open Board-a-Match Teams,1,Charles J. Solomon,,,
1952,Mitchell Open Board-a-Match Teams,1,Oswald Jacoby,,,
1952,Mitchell Open Board-a-Match Teams,1,Samuel M. Stayman,,,
1952,Mitchell Open Board-a-Match Teams,1,Sidney Silodor,,,
1952,Mitchell Open Board-a-Match Teams,1,0,,,
1952,Mitchell Open Board-a-Match Teams,2/3,Albert Weiss,,,
1952,Mitchell Open Board-a-Match Teams,2/3,Charles Kuhn,,,
1952,Mitchell Open Board-a-Match Teams,2/3,Samuel Katz,,,
1952,Mitchell Open Board-a-Match Teams,2/3,William Seamon,,,
1952,Mitchell Open Board-a-Match Teams,2/3,0,,,
1952,Mitchell Open Board-a-Match Teams,2/3,0,,,
1952,Mitchell Open Board-a-Match Teams,2/3,Alvin Roth,,,
1952,Mitchell Open Board-a-Match Teams,2/3,Harold Harkavy,,,
1952,Mitchell Open Board-a-Match Teams,2/3,Harry Fishbein,,,
1952,Mitchell Open Board-a-Match Teams,2/3,Tobias Stone,,,
1952,Mitchell Open Board-a-Match Teams,2/3,Waldemar K. von Zedtwitz,,,
1952,Mitchell Open Board-a-Match Teams,2/3,0,,,
1951,Mitchell Open Board-a-Match Teams,1,Ace Gutowsky,,,
1951,Mitchell Open Board-a-Match Teams,1,Edwin J. Smith,,,
1951,Mitchell Open Board-a-Match Teams,1,Eugene Dautell,,,
1951,Mitchell Open Board-a-Match Teams,1,J. Van Brooks,,,
1951,Mitchell Open Board-a-Match Teams,1,Jack Denny,,,
1951,Mitchell Open Board-a-Match Teams,1,0,,,
1951,Mitchell Open Board-a-Match Teams,2,Fred L. Bickel,,,
1951,Mitchell Open Board-a-Match Teams,2,Joseph J. Foreacre,,,
1951,Mitchell Open Board-a-Match Teams,2,Robert Lattomus,,,
1951,Mitchell Open Board-a-Match Teams,2,Ronald Rosenberg,,,
1951,Mitchell Open Board-a-Match Teams,2,0,,,
1951,Mitchell Open Board-a-Match Teams,2,0,,,
1950,Mitchell Open Board-a-Match Teams,1,A. Richard Revell,,,
1950,Mitchell Open Board-a-Match Teams,1,David C. Carter,,,
1950,Mitchell Open Board-a-Match Teams,1,Edward Burns,,,
1950,Mitchell Open Board-a-Match Teams,1,John F. Carlin,,,
1950,Mitchell Open Board-a-Match Teams,1,0,,,
1950,Mitchell Open Board-a-Match Teams,1,0,,,
1950,Mitchell Open Board-a-Match Teams,2,Fred Hirsch,,,
1950,Mitchell Open Board-a-Match Teams,2,Milton Moss,,,
1950,Mitchell Open Board-a-Match Teams,2,Milton Vernoff,,,
1950,Mitchell Open Board-a-Match Teams,2,Ned Drucker,,,
1950,Mitchell Open Board-a-Match Teams,2,Robert Appleyard,,,
1950,Mitchell Open Board-a-Match Teams,2,0,,,
1949,Mitchell Open Board-a-Match Teams,1,Alphonse Moyse Jr.,,,
1949,Mitchell Open Board-a-Match Teams,1,Howard Schenken,,,
1949,Mitchell Open Board-a-Match Teams,1,Leo Roet,,,
1949,Mitchell Open Board-a-Match Teams,1,Muriel Levin,,,
1949,Mitchell Open Board-a-Match Teams,1,0,,,
1949,Mitchell Open Board-a-Match Teams,1,0,,,
1949,Mitchell Open Board-a-Match Teams,2,Dr. H. Russ Storr,,,
1949,Mitchell Open Board-a-Match Teams,2,Herbert J. Gerst,,,
1949,Mitchell Open Board-a-Match Teams,2,Jack L. Ankus,,,
1949,Mitchell Open Board-a-Match Teams,2,Joseph Cohan,,,
1949,Mitchell Open Board-a-Match Teams,2,William Joseph,,,
1949,Mitchell Open Board-a-Match Teams,2,0,,,
1948,Mitchell Open Board-a-Match Teams,1,Alvin Landy,,,
1948,Mitchell Open Board-a-Match Teams,1,Jack L. Ankus,,,
1948,Mitchell Open Board-a-Match Teams,1,Jeff Glick,,,
1948,Mitchell Open Board-a-Match Teams,1,John H. Law,,,
1948,Mitchell Open Board-a-Match Teams,1,Sol Mogal,,,
1948,Mitchell Open Board-a-Match Teams,1,0,,,
1948,Mitchell Open Board-a-Match Teams,2,Edward N. Marcus,,,
1948,Mitchell Open Board-a-Match Teams,2,George Rapee,,,
1948,Mitchell Open Board-a-Match Teams,2,John R. Crawford,,,
1948,Mitchell Open Board-a-Match Teams,2,Samuel M. Stayman,,,
1948,Mitchell Open Board-a-Match Teams,2,0,,,
1948,Mitchell Open Board-a-Match Teams,2,0,,,
1947,Mitchell Open Board-a-Match Teams,1,Alvin Landy,,,
1947,Mitchell Open Board-a-Match Teams,1,Arthur S. Goldsmith,,,
1947,Mitchell Open Board-a-Match Teams,1,Jack Kravatz,,,
1947,Mitchell Open Board-a-Match Teams,1,Jeff Glick,,,
1947,Mitchell Open Board-a-Match Teams,1,Sol Mogal,,,
1947,Mitchell Open Board-a-Match Teams,1,0,,,
1947,Mitchell Open Board-a-Match Teams,2,Dr. H. Russ Storr,,,
1947,Mitchell Open Board-a-Match Teams,2,Dr. Louis Mark,,,
1947,Mitchell Open Board-a-Match Teams,2,George Unger,,,
1947,Mitchell Open Board-a-Match Teams,2,Joseph Cohan,,,
1947,Mitchell Open Board-a-Match Teams,2,0,,,
1947,Mitchell Open Board-a-Match Teams,2,0,,,
1946,Mitchell Open Board-a-Match Teams,1,Albert Weiss,,,
1946,Mitchell Open Board-a-Match Teams,1,Arthur Glatt,,,
1946,Mitchell Open Board-a-Match Teams,1,Julius Bank,,,
1946,Mitchell Open Board-a-Match Teams,1,Maynard Adams,,,
1946,Mitchell Open Board-a-Match Teams,1,William McGhee,,,
1946,Mitchell Open Board-a-Match Teams,1,0,,,
1946,Mitchell Open Board-a-Match Teams,2,A. Mitchell Barnes,,,
1946,Mitchell Open Board-a-Match Teams,2,Charles H. Goren,,,
1946,Mitchell Open Board-a-Match Teams,2,George Rapee,,,
1946,Mitchell Open Board-a-Match Teams,2,John R. Crawford,,,
1946,Mitchell Open Board-a-Match Teams,2,Sidney Silodor,,,
1946,Mitchell Open Board-a-Match Teams,2,0,,,
