2013,Reisinger Board-a-Match Teams,1,Pierre Zimmermann,,,
2013,Reisinger Board-a-Match Teams,1,Franck Multon,,,
2013,Reisinger Board-a-Match Teams,1,Tor Helness,,,
2013,Reisinger Board-a-Match Teams,1,Geir Helgemo,,,
2013,Reisinger Board-a-Match Teams,1,Fulvio Fantoni,,,
2013,Reisinger Board-a-Match Teams,1,Claudio Nunes,,,
2013,Reisinger Board-a-Match Teams,2,Krzystof Buras,,,
2013,Reisinger Board-a-Match Teams,2,Norberto Bocchi,,,
2013,Reisinger Board-a-Match Teams,2,Andrew Gromov,,,
2013,Reisinger Board-a-Match Teams,2,Aleksander Dubinin,,,
2013,Reisinger Board-a-Match Teams,2,Grzegorz Narkiewicz,,,
2013,Reisinger Board-a-Match Teams,2,Agustin Madala,,,
2012,Reisinger Board-a-Match Teams,1,Pierre Zimmermann,,,
2012,Reisinger Board-a-Match Teams,1,Tor Helness,,,
2012,Reisinger Board-a-Match Teams,1,Geir Helgemo,,,
2012,Reisinger Board-a-Match Teams,1,Claudio Nunes,,,
2012,Reisinger Board-a-Match Teams,1,Fulvio Fantoni,,,
2012,Reisinger Board-a-Match Teams,1,Franck Multon,,,
2012,Reisinger Board-a-Match Teams,2,Roy Welland,,,
2012,Reisinger Board-a-Match Teams,2,Sabine Auken,,,
2012,Reisinger Board-a-Match Teams,2,Lew Stansby,,,
2012,Reisinger Board-a-Match Teams,2,Bart Bramley,,,
2012,Reisinger Board-a-Match Teams,2,0,,,
2012,Reisinger Board-a-Match Teams,2,0,,,
2011,Reisinger Board-a-Match Teams,1,Jimmy Cayne,,,
2011,Reisinger Board-a-Match Teams,1,Michael Seamon,,,
2011,Reisinger Board-a-Match Teams,1,Lorenzo Lauria,,,
2011,Reisinger Board-a-Match Teams,1,Alfredo Versace,,,
2011,Reisinger Board-a-Match Teams,1,Giorgio Duboin,,,
2011,Reisinger Board-a-Match Teams,1,Antonio Sementa,,,
2011,Reisinger Board-a-Match Teams,2,Pierre Zimmermann,,,
2011,Reisinger Board-a-Match Teams,2,Franck Multon,,,
2011,Reisinger Board-a-Match Teams,2,Fulvio Fantoni,,,
2011,Reisinger Board-a-Match Teams,2,Geir Helgemo,,,
2011,Reisinger Board-a-Match Teams,2,Tor Helness,,,
2011,Reisinger Board-a-Match Teams,2,Claudio Nunes,,,
2010,Reisinger Board-a-Match Teams,1,Giorgio Duboin,,,
2010,Reisinger Board-a-Match Teams,1,Alfredo Versace,,,
2010,Reisinger Board-a-Match Teams,1,Antonio Sementa,,,
2010,Reisinger Board-a-Match Teams,1,Lorenzo Lauria,,,
2010,Reisinger Board-a-Match Teams,1,Jimmy Cayne,,,
2010,Reisinger Board-a-Match Teams,1,Michael Seamon,,,
2010,Reisinger Board-a-Match Teams,2,Josef Piekarek,,,
2010,Reisinger Board-a-Match Teams,2,Steve Garner,,,
2010,Reisinger Board-a-Match Teams,2,Howard Weinstein,,,
2010,Reisinger Board-a-Match Teams,2,Roy Welland,,,
2010,Reisinger Board-a-Match Teams,2,Alexander Smirnov,,,
2010,Reisinger Board-a-Match Teams,2,Christal Henner-Welland,,,
2009,Reisinger Board-a-Match Teams,1,Nick Nickell,,,
2009,Reisinger Board-a-Match Teams,1,Bob Hamman,,,
2009,Reisinger Board-a-Match Teams,1,Jeff Meckstroth,,,
2009,Reisinger Board-a-Match Teams,1,Eric Rodwell,,,
2009,Reisinger Board-a-Match Teams,1,Zia Mahmood,,,
2009,Reisinger Board-a-Match Teams,1,0,,,
2009,Reisinger Board-a-Match Teams,2,Michal Kwiecien,,,
2009,Reisinger Board-a-Match Teams,2,Alexander Smirnov,,,
2009,Reisinger Board-a-Match Teams,2,Rafal Jagniewski,,,
2009,Reisinger Board-a-Match Teams,2,Josef Piekarek,,,
2009,Reisinger Board-a-Match Teams,2,0,,,
2009,Reisinger Board-a-Match Teams,2,0,,,
2008,Reisinger Board-a-Match Teams,1,Bob Hamman,,,
2008,Reisinger Board-a-Match Teams,1,Eric Rodwell,,,
2008,Reisinger Board-a-Match Teams,1,Jeff Meckstroth,,,
2008,Reisinger Board-a-Match Teams,1,Nick Nickell,,,
2008,Reisinger Board-a-Match Teams,1,Richard Freeman,,,
2008,Reisinger Board-a-Match Teams,1,Zia Mahmood,,,
2008,Reisinger Board-a-Match Teams,2,Billy Cohen,,,
2008,Reisinger Board-a-Match Teams,2,Brian Glubok,,,
2008,Reisinger Board-a-Match Teams,2,Howard Weinstein,,,
2008,Reisinger Board-a-Match Teams,2,Ron Smith,,,
2008,Reisinger Board-a-Match Teams,2,Roy Welland,,,
2008,Reisinger Board-a-Match Teams,2,Steve Garner,,,
2007,Reisinger Board-a-Match Teams,1,Alfredo Versace,,,
2007,Reisinger Board-a-Match Teams,1,Claudio Nunes,,,
2007,Reisinger Board-a-Match Teams,1,Fulvio Fantoni,,,
2007,Reisinger Board-a-Match Teams,1,Jimmy Cayne,,,
2007,Reisinger Board-a-Match Teams,1,Lorenzo Lauria,,,
2007,Reisinger Board-a-Match Teams,1,Michael Seamon,,,
2007,Reisinger Board-a-Match Teams,2,Aubrey Strul,,,
2007,Reisinger Board-a-Match Teams,2,Chip Martel,,,
2007,Reisinger Board-a-Match Teams,2,David Berkowitz,,,
2007,Reisinger Board-a-Match Teams,2,Larry N. Cohen,,,
2007,Reisinger Board-a-Match Teams,2,Lew Stansby,,,
2007,Reisinger Board-a-Match Teams,2,Mike Becker,,,
2006,Reisinger Board-a-Match Teams,1,Curtis Cheek,,,
2006,Reisinger Board-a-Match Teams,1,Gary Cohler,,,
2006,Reisinger Board-a-Match Teams,1,Jacek Pszczola,,,
2006,Reisinger Board-a-Match Teams,1,Joe Grue,,,
2006,Reisinger Board-a-Match Teams,1,0,,,
2006,Reisinger Board-a-Match Teams,1,0,,,
2006,Reisinger Board-a-Match Teams,2,Brad Moss,,,
2006,Reisinger Board-a-Match Teams,2,Chip Martel,,,
2006,Reisinger Board-a-Match Teams,2,Fred Gitelman,,,
2006,Reisinger Board-a-Match Teams,2,Lew Stansby,,,
2006,Reisinger Board-a-Match Teams,2,Russ Ekeblad,,,
2006,Reisinger Board-a-Match Teams,2,0,,,
2005,Reisinger Board-a-Match Teams,1,Bob Hamman,,,
2005,Reisinger Board-a-Match Teams,1,Eric Rodwell,,,
2005,Reisinger Board-a-Match Teams,1,Jeff Meckstroth,,,
2005,Reisinger Board-a-Match Teams,1,Nick Nickell,,,
2005,Reisinger Board-a-Match Teams,1,Paul Soloway,,,
2005,Reisinger Board-a-Match Teams,1,Richard Freeman,,,
2005,Reisinger Board-a-Match Teams,2,Alfredo Versace,,,
2005,Reisinger Board-a-Match Teams,2,George Jacobs,,,
2005,Reisinger Board-a-Match Teams,2,Lorenzo Lauria,,,
2005,Reisinger Board-a-Match Teams,2,Michael Rosenberg,,,
2005,Reisinger Board-a-Match Teams,2,Ralph Katz,,,
2005,Reisinger Board-a-Match Teams,2,Zia Mahmood,,,
2004,Reisinger Board-a-Match Teams,1,Bob Hamman,,,
2004,Reisinger Board-a-Match Teams,1,Eric Rodwell,,,
2004,Reisinger Board-a-Match Teams,1,Jeff Meckstroth,,,
2004,Reisinger Board-a-Match Teams,1,Nick Nickell,,,
2004,Reisinger Board-a-Match Teams,1,Paul Soloway,,,
2004,Reisinger Board-a-Match Teams,1,Richard Freeman,,,
2004,Reisinger Board-a-Match Teams,2,Andrea Buratti,,,
2004,Reisinger Board-a-Match Teams,2,David Berkowitz,,,
2004,Reisinger Board-a-Match Teams,2,Larry N. Cohen,,,
2004,Reisinger Board-a-Match Teams,2,Massimo Lanzarotti,,,
2004,Reisinger Board-a-Match Teams,2,Mike Becker,,,
2004,Reisinger Board-a-Match Teams,2,Richard Schwartz,,,
2003,Reisinger Board-a-Match Teams,1,Eddie Wold,,,
2003,Reisinger Board-a-Match Teams,1,Eric Greco,,,
2003,Reisinger Board-a-Match Teams,1,Geoff Hampson,,,
2003,Reisinger Board-a-Match Teams,1,Malcolm Brachman,,,
2003,Reisinger Board-a-Match Teams,1,Mike Passell,,,
2003,Reisinger Board-a-Match Teams,1,0,,,
2003,Reisinger Board-a-Match Teams,2,Adam Zmudzinski,,,
2003,Reisinger Board-a-Match Teams,2,Bjorn Fallenius,,,
2003,Reisinger Board-a-Match Teams,2,Cezary Balicki,,,
2003,Reisinger Board-a-Match Teams,2,Michael Rosenberg,,,
2003,Reisinger Board-a-Match Teams,2,Roy Welland,,,
2003,Reisinger Board-a-Match Teams,2,Zia Mahmood,,,
2002,Reisinger Board-a-Match Teams,1,Adam Wildavsky,,,
2002,Reisinger Board-a-Match Teams,1,Bobby Wolff,,,
2002,Reisinger Board-a-Match Teams,1,Dan Morse,,,
2002,Reisinger Board-a-Match Teams,1,Doug Doub,,,
2002,Reisinger Board-a-Match Teams,1,Pratap Rajadhyaksha,,,
2002,Reisinger Board-a-Match Teams,1,Steve Landen,,,
2002,Reisinger Board-a-Match Teams,2,David Berkowitz,,,
2002,Reisinger Board-a-Match Teams,2,Larry N. Cohen,,,
2002,Reisinger Board-a-Match Teams,2,Michael Rosenberg,,,
2002,Reisinger Board-a-Match Teams,2,Mike Becker,,,
2002,Reisinger Board-a-Match Teams,2,Richard Schwartz,,,
2002,Reisinger Board-a-Match Teams,2,Zia Mahmood,,,
2001,Reisinger Board-a-Match Teams,1,Bjorn Fallenius,,,
2001,Reisinger Board-a-Match Teams,1,Brad Moss,,,
2001,Reisinger Board-a-Match Teams,1,Fred Gitelman,,,
2001,Reisinger Board-a-Match Teams,1,Howard Weinstein,,,
2001,Reisinger Board-a-Match Teams,1,Roy Welland,,,
2001,Reisinger Board-a-Match Teams,1,Steve Garner,,,
2001,Reisinger Board-a-Match Teams,2,Alfredo Versace,,,
2001,Reisinger Board-a-Match Teams,2,George Jacobs,,,
2001,Reisinger Board-a-Match Teams,2,Giorgio Duboin,,,
2001,Reisinger Board-a-Match Teams,2,Lorenzo Lauria,,,
2001,Reisinger Board-a-Match Teams,2,Norberto Bocchi,,,
2001,Reisinger Board-a-Match Teams,2,Ralph Katz,,,
2000,Reisinger Board-a-Match Teams,1,Alfredo Versace,,,
2000,Reisinger Board-a-Match Teams,1,George Jacobs,,,
2000,Reisinger Board-a-Match Teams,1,Giorgio Duboin,,,
2000,Reisinger Board-a-Match Teams,1,Lorenzo Lauria,,,
2000,Reisinger Board-a-Match Teams,1,Norberto Bocchi,,,
2000,Reisinger Board-a-Match Teams,1,Ralph Katz,,,
2000,Reisinger Board-a-Match Teams,2,Gary Cohler,,,
2000,Reisinger Board-a-Match Teams,2,Jerry Goldfein,,,
2000,Reisinger Board-a-Match Teams,2,Mark Lair,,,
2000,Reisinger Board-a-Match Teams,2,Mike Cappelletti Jr.,,,
2000,Reisinger Board-a-Match Teams,2,Richard Finberg,,,
2000,Reisinger Board-a-Match Teams,2,0,,,
1999,Reisinger Board-a-Match Teams,1,Andrew Robson,,,
1999,Reisinger Board-a-Match Teams,1,Geir Helgemo,,,
1999,Reisinger Board-a-Match Teams,1,Rita Shugart,,,
1999,Reisinger Board-a-Match Teams,1,Tony Forrester,,,
1999,Reisinger Board-a-Match Teams,1,0,,,
1999,Reisinger Board-a-Match Teams,1,0,,,
1999,Reisinger Board-a-Match Teams,2,Dana DeFalco,,,
1999,Reisinger Board-a-Match Teams,2,Giorgio Duboin,,,
1999,Reisinger Board-a-Match Teams,2,Guido Ferraro,,,
1999,Reisinger Board-a-Match Teams,2,Norberto Bocchi,,,
1999,Reisinger Board-a-Match Teams,2,0,,,
1999,Reisinger Board-a-Match Teams,2,0,,,
1998,Reisinger Board-a-Match Teams,1,Andrew Robson,,,
1998,Reisinger Board-a-Match Teams,1,Geir Helgemo,,,
1998,Reisinger Board-a-Match Teams,1,Rita Shugart,,,
1998,Reisinger Board-a-Match Teams,1,Tony Forrester,,,
1998,Reisinger Board-a-Match Teams,1,0,,,
1998,Reisinger Board-a-Match Teams,1,0,,,
1998,Reisinger Board-a-Match Teams,2,Alan Sontag,,,
1998,Reisinger Board-a-Match Teams,2,Alfredo Versace,,,
1998,Reisinger Board-a-Match Teams,2,George Jacobs,,,
1998,Reisinger Board-a-Match Teams,2,Lorenzo Lauria,,,
1998,Reisinger Board-a-Match Teams,2,Peter Weichsel,,,
1998,Reisinger Board-a-Match Teams,2,Ralph Katz,,,
1997,Reisinger Board-a-Match Teams,1,Bart Bramley,,,
1997,Reisinger Board-a-Match Teams,1,Howard Weinstein,,,
1997,Reisinger Board-a-Match Teams,1,Sidney H. Lazard,,,
1997,Reisinger Board-a-Match Teams,1,Steve Garner,,,
1997,Reisinger Board-a-Match Teams,1,0,,,
1997,Reisinger Board-a-Match Teams,1,0,,,
1997,Reisinger Board-a-Match Teams,2,Adam Zmudzinski,,,
1997,Reisinger Board-a-Match Teams,2,Cezary Balicki,,,
1997,Reisinger Board-a-Match Teams,2,Eddie Wold,,,
1997,Reisinger Board-a-Match Teams,2,George Rosenkranz,,,
1997,Reisinger Board-a-Match Teams,2,Marcin Lesniewski,,,
1997,Reisinger Board-a-Match Teams,2,Marek Szymanowski,,,
1996,Reisinger Board-a-Match Teams,1,Chip Martel,,,
1996,Reisinger Board-a-Match Teams,1,Lew Stansby,,,
1996,Reisinger Board-a-Match Teams,1,Michael Rosenberg,,,
1996,Reisinger Board-a-Match Teams,1,Zia Mahmood,,,
1996,Reisinger Board-a-Match Teams,1,0,,,
1996,Reisinger Board-a-Match Teams,1,0,,,
1996,Reisinger Board-a-Match Teams,2,Alan Sontag,,,
1996,Reisinger Board-a-Match Teams,2,Chuck Burger,,,
1996,Reisinger Board-a-Match Teams,2,Jimmy Cayne,,,
1996,Reisinger Board-a-Match Teams,2,Mark Feldman,,,
1996,Reisinger Board-a-Match Teams,2,Michael Seamon,,,
1996,Reisinger Board-a-Match Teams,2,Mike Passell,,,
1995,Reisinger Board-a-Match Teams,1,Bob Hamman,,,
1995,Reisinger Board-a-Match Teams,1,Bobby Wolff,,,
1995,Reisinger Board-a-Match Teams,1,Eric Rodwell,,,
1995,Reisinger Board-a-Match Teams,1,Jeff Meckstroth,,,
1995,Reisinger Board-a-Match Teams,1,Nick Nickell,,,
1995,Reisinger Board-a-Match Teams,1,Richard Freeman,,,
1995,Reisinger Board-a-Match Teams,2,Bruce Ferguson,,,
1995,Reisinger Board-a-Match Teams,2,Fred Stewart,,,
1995,Reisinger Board-a-Match Teams,2,Howard Weinstein,,,
1995,Reisinger Board-a-Match Teams,2,Peter Nagy,,,
1995,Reisinger Board-a-Match Teams,2,Ralph Katz,,,
1995,Reisinger Board-a-Match Teams,2,Steve Weinstein,,,
1994,Reisinger Board-a-Match Teams,1,Bob Hamman,,,
1994,Reisinger Board-a-Match Teams,1,Bobby Wolff,,,
1994,Reisinger Board-a-Match Teams,1,Eric Rodwell,,,
1994,Reisinger Board-a-Match Teams,1,Jeff Meckstroth,,,
1994,Reisinger Board-a-Match Teams,1,Nick Nickell,,,
1994,Reisinger Board-a-Match Teams,1,Richard Freeman,,,
1994,Reisinger Board-a-Match Teams,2,Bobby Goldman,,,
1994,Reisinger Board-a-Match Teams,2,Chuck Burger,,,
1994,Reisinger Board-a-Match Teams,2,Jimmy Cayne,,,
1994,Reisinger Board-a-Match Teams,2,Mark Lair,,,
1994,Reisinger Board-a-Match Teams,2,Mike Passell,,,
1994,Reisinger Board-a-Match Teams,2,Paul Soloway,,,
1993,Reisinger Board-a-Match Teams,1,Bob Hamman,,,
1993,Reisinger Board-a-Match Teams,1,Bobby Wolff,,,
1993,Reisinger Board-a-Match Teams,1,Eric Rodwell,,,
1993,Reisinger Board-a-Match Teams,1,Jeff Meckstroth,,,
1993,Reisinger Board-a-Match Teams,1,Nick Nickell,,,
1993,Reisinger Board-a-Match Teams,1,Richard Freeman,,,
1993,Reisinger Board-a-Match Teams,2,Bobby Goldman,,,
1993,Reisinger Board-a-Match Teams,2,Chuck Burger,,,
1993,Reisinger Board-a-Match Teams,2,Jimmy Cayne,,,
1993,Reisinger Board-a-Match Teams,2,Mark Lair,,,
1993,Reisinger Board-a-Match Teams,2,Mike Passell,,,
1993,Reisinger Board-a-Match Teams,2,Paul Soloway,,,
1992,Reisinger Board-a-Match Teams,1,Chuck Burger,,,
1992,Reisinger Board-a-Match Teams,1,Gabriel Chagas,,,
1992,Reisinger Board-a-Match Teams,1,Jimmy Cayne,,,
1992,Reisinger Board-a-Match Teams,1,Marcelo Branco,,,
1992,Reisinger Board-a-Match Teams,1,Mark Lair,,,
1992,Reisinger Board-a-Match Teams,1,Mike Passell,,,
1992,Reisinger Board-a-Match Teams,2,Alan Sontag,,,
1992,Reisinger Board-a-Match Teams,2,Eddie Kantar,,,
1992,Reisinger Board-a-Match Teams,2,Jim Mahaffey,,,
1992,Reisinger Board-a-Match Teams,2,Ron Andersen,,,
1992,Reisinger Board-a-Match Teams,2,Tony Forrester,,,
1992,Reisinger Board-a-Match Teams,2,0,,,
1991,Reisinger Board-a-Match Teams,1,Bjorn Fallenius,,,
1991,Reisinger Board-a-Match Teams,1,Cliff Russell,,,
1991,Reisinger Board-a-Match Teams,1,David Berkowitz,,,
1991,Reisinger Board-a-Match Teams,1,Larry N. Cohen,,,
1991,Reisinger Board-a-Match Teams,1,Marty Bergen,,,
1991,Reisinger Board-a-Match Teams,1,Sam Lev,,,
1991,Reisinger Board-a-Match Teams,2,Lawrence Hicks,,,
1991,Reisinger Board-a-Match Teams,2,Mike Cappelletti Jr.,,,
1991,Reisinger Board-a-Match Teams,2,Mike Cappelletti Sr,,,
1991,Reisinger Board-a-Match Teams,2,Rob Crawford,,,
1991,Reisinger Board-a-Match Teams,2,0,,,
1991,Reisinger Board-a-Match Teams,2,0,,,
1990,Reisinger Board-a-Match Teams,1,Bill Root,,,
1990,Reisinger Board-a-Match Teams,1,Brian Glubok,,,
1990,Reisinger Board-a-Match Teams,1,Edgar Kaplan,,,
1990,Reisinger Board-a-Match Teams,1,Norman Kay,,,
1990,Reisinger Board-a-Match Teams,1,Richard Pavlicek,,,
1990,Reisinger Board-a-Match Teams,1,0,,,
1990,Reisinger Board-a-Match Teams,2,Bobby Goldman,,,
1990,Reisinger Board-a-Match Teams,2,Eddie Wold,,,
1990,Reisinger Board-a-Match Teams,2,Malcolm Brachman,,,
1990,Reisinger Board-a-Match Teams,2,Mark Lair,,,
1990,Reisinger Board-a-Match Teams,2,Mike Passell,,,
1990,Reisinger Board-a-Match Teams,2,Paul Soloway,,,
1989,Reisinger Board-a-Match Teams,1,Chris Compton,,,
1989,Reisinger Board-a-Match Teams,1,Mark Molson,,,
1989,Reisinger Board-a-Match Teams,1,Michael Rosenberg,,,
1989,Reisinger Board-a-Match Teams,1,Sam Lev,,,
1989,Reisinger Board-a-Match Teams,1,Zia Mahmood,,,
1989,Reisinger Board-a-Match Teams,1,0,,,
1989,Reisinger Board-a-Match Teams,2,Bob Blanchard,,,
1989,Reisinger Board-a-Match Teams,2,Glenn Eisenstein,,,
1989,Reisinger Board-a-Match Teams,2,Jillian Blanchard,,,
1989,Reisinger Board-a-Match Teams,2,Jon Greenspan,,,
1989,Reisinger Board-a-Match Teams,2,Kerri Shuman,,,
1989,Reisinger Board-a-Match Teams,2,Margie Gwozdzinsky,,,
1988,Reisinger Board-a-Match Teams,1,Bob Hamman,,,
1988,Reisinger Board-a-Match Teams,1,Bobby Wolff,,,
1988,Reisinger Board-a-Match Teams,1,Chuck Burger,,,
1988,Reisinger Board-a-Match Teams,1,Jimmy Cayne,,,
1988,Reisinger Board-a-Match Teams,1,Mark Lair,,,
1988,Reisinger Board-a-Match Teams,1,Mike Passell,,,
1988,Reisinger Board-a-Match Teams,2,David Lehman,,,
1988,Reisinger Board-a-Match Teams,2,Dick Melson,,,
1988,Reisinger Board-a-Match Teams,2,Jim Hall,,,
1988,Reisinger Board-a-Match Teams,2,Tom Fox,,,
1988,Reisinger Board-a-Match Teams,2,0,,,
1988,Reisinger Board-a-Match Teams,2,0,,,
1987,Reisinger Board-a-Match Teams,1,Billy Cohen,,,
1987,Reisinger Board-a-Match Teams,1,Jaggy Shivdasani,,,
1987,Reisinger Board-a-Match Teams,1,Ron Smith,,,
1987,Reisinger Board-a-Match Teams,1,Zia Mahmood,,,
1987,Reisinger Board-a-Match Teams,1,0,,,
1987,Reisinger Board-a-Match Teams,1,0,,,
1987,Reisinger Board-a-Match Teams,2,Bill Pollack,,,
1987,Reisinger Board-a-Match Teams,2,David Berkowitz,,,
1987,Reisinger Board-a-Match Teams,2,Howard Weinstein,,,
1987,Reisinger Board-a-Match Teams,2,Mark Cohen,,,
1987,Reisinger Board-a-Match Teams,2,Ralph Katz,,,
1987,Reisinger Board-a-Match Teams,2,Walter Johnson,,,
1986,Reisinger Board-a-Match Teams,1,Chip Martel,,,
1986,Reisinger Board-a-Match Teams,1,Hugh Ross,,,
1986,Reisinger Board-a-Match Teams,1,Lew Stansby,,,
1986,Reisinger Board-a-Match Teams,1,Peter A. Pender,,,
1986,Reisinger Board-a-Match Teams,1,Peter Boyd,,,
1986,Reisinger Board-a-Match Teams,1,Steve Robinson,,,
1986,Reisinger Board-a-Match Teams,2,Bobby Goldman,,,
1986,Reisinger Board-a-Match Teams,2,Bud Reinhold,,,
1986,Reisinger Board-a-Match Teams,2,Paul Soloway,,,
1986,Reisinger Board-a-Match Teams,2,Ron Andersen,,,
1986,Reisinger Board-a-Match Teams,2,Thomas K. Sanders,,,
1986,Reisinger Board-a-Match Teams,2,0,,,
1985,Reisinger Board-a-Match Teams,1/2,Chip Martel,,,
1985,Reisinger Board-a-Match Teams,1/2,Hugh Ross,,,
1985,Reisinger Board-a-Match Teams,1/2,Lew Stansby,,,
1985,Reisinger Board-a-Match Teams,1/2,Peter A. Pender,,,
1985,Reisinger Board-a-Match Teams,1/2,0,,,
1985,Reisinger Board-a-Match Teams,1/2,0,,,
1985,Reisinger Board-a-Match Teams,1/2,Eddie Wold,,,
1985,Reisinger Board-a-Match Teams,1/2,Eric Rodwell,,,
1985,Reisinger Board-a-Match Teams,1/2,George Rosenkranz,,,
1985,Reisinger Board-a-Match Teams,1/2,Jeff Meckstroth,,,
1985,Reisinger Board-a-Match Teams,1/2,Larry N. Cohen,,,
1985,Reisinger Board-a-Match Teams,1/2,Marty Bergen,,,
1984,Reisinger Board-a-Match Teams,1/4,Bill Root,,,
1984,Reisinger Board-a-Match Teams,1/4,Edgar Kaplan,,,
1984,Reisinger Board-a-Match Teams,1/4,Norman Kay,,,
1984,Reisinger Board-a-Match Teams,1/4,Richard Pavlicek,,,
1984,Reisinger Board-a-Match Teams,1/4,0,,,
1984,Reisinger Board-a-Match Teams,1/4,0,,,
1984,Reisinger Board-a-Match Teams,1/4,Allan Stauber,,,
1984,Reisinger Board-a-Match Teams,1/4,Fred Stewart,,,
1984,Reisinger Board-a-Match Teams,1/4,Mike Smolen,,,
1984,Reisinger Board-a-Match Teams,1/4,Steve Weinstein,,,
1984,Reisinger Board-a-Match Teams,1/4,0,,,
1984,Reisinger Board-a-Match Teams,1/4,0,,,
1984,Reisinger Board-a-Match Teams,1/4,George Tornay,,,
1984,Reisinger Board-a-Match Teams,1/4,Richard Reisig,,,
1984,Reisinger Board-a-Match Teams,1/4,Samuel M. Stayman,,,
1984,Reisinger Board-a-Match Teams,1/4,Saul Bronstein,,,
1984,Reisinger Board-a-Match Teams,1/4,0,,,
1984,Reisinger Board-a-Match Teams,1/4,0,,,
1984,Reisinger Board-a-Match Teams,1/4,Jim Robison,,,
1984,Reisinger Board-a-Match Teams,1/4,Jon Wittes,,,
1984,Reisinger Board-a-Match Teams,1/4,Ross Grabel,,,
1984,Reisinger Board-a-Match Teams,1/4,Stelios Touchtidis,,,
1984,Reisinger Board-a-Match Teams,1/4,0,,,
1984,Reisinger Board-a-Match Teams,1/4,0,,,
1983,Reisinger Board-a-Match Teams,1,Bill Root,,,
1983,Reisinger Board-a-Match Teams,1,Edgar Kaplan,,,
1983,Reisinger Board-a-Match Teams,1,Norman Kay,,,
1983,Reisinger Board-a-Match Teams,1,Oswald Jacoby,,,
1983,Reisinger Board-a-Match Teams,1,Richard Pavlicek,,,
1983,Reisinger Board-a-Match Teams,1,0,,,
1983,Reisinger Board-a-Match Teams,2/3,Chip Martel,,,
1983,Reisinger Board-a-Match Teams,2/3,Hugh Ross,,,
1983,Reisinger Board-a-Match Teams,2/3,Lew Stansby,,,
1983,Reisinger Board-a-Match Teams,2/3,Peter A. Pender,,,
1983,Reisinger Board-a-Match Teams,2/3,0,,,
1983,Reisinger Board-a-Match Teams,2/3,0,,,
1983,Reisinger Board-a-Match Teams,2/3,Billy Eisenberg,,,
1983,Reisinger Board-a-Match Teams,2/3,Eddie Kantar,,,
1983,Reisinger Board-a-Match Teams,2/3,Mike Becker,,,
1983,Reisinger Board-a-Match Teams,2/3,Mike Lawrence,,,
1983,Reisinger Board-a-Match Teams,2/3,Peter Weichsel,,,
1983,Reisinger Board-a-Match Teams,2/3,Ron Rubin,,,
1982,Reisinger Board-a-Match Teams,1,Bill Root,,,
1982,Reisinger Board-a-Match Teams,1,Edgar Kaplan,,,
1982,Reisinger Board-a-Match Teams,1,Norman Kay,,,
1982,Reisinger Board-a-Match Teams,1,Richard Pavlicek,,,
1982,Reisinger Board-a-Match Teams,1,0,,,
1982,Reisinger Board-a-Match Teams,1,0,,,
1982,Reisinger Board-a-Match Teams,2,Drew Cannell,,,
1982,Reisinger Board-a-Match Teams,2,Eric Kokish,,,
1982,Reisinger Board-a-Match Teams,2,George Mittelman,,,
1982,Reisinger Board-a-Match Teams,2,Mark Molson,,,
1982,Reisinger Board-a-Match Teams,2,Paul J. Lewis,,,
1982,Reisinger Board-a-Match Teams,2,Robert Lebi,,,
1981,Reisinger Board-a-Match Teams,1,Chip Martel,,,
1981,Reisinger Board-a-Match Teams,1,Hugh Ross,,,
1981,Reisinger Board-a-Match Teams,1,Lew Stansby,,,
1981,Reisinger Board-a-Match Teams,1,Peter A. Pender,,,
1981,Reisinger Board-a-Match Teams,1,0,,,
1981,Reisinger Board-a-Match Teams,1,0,,,
1981,Reisinger Board-a-Match Teams,2/3,Alan Greenberg,,,
1981,Reisinger Board-a-Match Teams,2/3,Billy Eisenberg,,,
1981,Reisinger Board-a-Match Teams,2/3,Chuck Burger,,,
1981,Reisinger Board-a-Match Teams,2/3,Jimmy Cayne,,,
1981,Reisinger Board-a-Match Teams,2/3,Roger Bates,,,
1981,Reisinger Board-a-Match Teams,2/3,0,,,
1981,Reisinger Board-a-Match Teams,2/3,David J. Weiss,,,
1981,Reisinger Board-a-Match Teams,2/3,Evan Bailey,,,
1981,Reisinger Board-a-Match Teams,2/3,Joel Hoersch,,,
1981,Reisinger Board-a-Match Teams,2/3,L. Andrew Campbell,,,
1981,Reisinger Board-a-Match Teams,2/3,0,,,
1981,Reisinger Board-a-Match Teams,2/3,0,,,
1980,Reisinger Board-a-Match Teams,1,Bobby Goldman,,,
1980,Reisinger Board-a-Match Teams,1,Eddie Kantar,,,
1980,Reisinger Board-a-Match Teams,1,Malcolm Brachman,,,
1980,Reisinger Board-a-Match Teams,1,Mike Lawrence,,,
1980,Reisinger Board-a-Match Teams,1,Paul Soloway,,,
1980,Reisinger Board-a-Match Teams,1,Ron Andersen,,,
1980,Reisinger Board-a-Match Teams,2/3,Eddie Wold,,,
1980,Reisinger Board-a-Match Teams,2/3,Eric Rodwell,,,
1980,Reisinger Board-a-Match Teams,2/3,George Rosenkranz,,,
1980,Reisinger Board-a-Match Teams,2/3,Jeff Meckstroth,,,
1980,Reisinger Board-a-Match Teams,2/3,Mark Lair,,,
1980,Reisinger Board-a-Match Teams,2/3,Mike Passell,,,
1980,Reisinger Board-a-Match Teams,2/3,Ed Manfield,,,
1980,Reisinger Board-a-Match Teams,2/3,Kit Woolsey,,,
1980,Reisinger Board-a-Match Teams,2/3,Paul Swanson,,,
1980,Reisinger Board-a-Match Teams,2/3,0,,,
1980,Reisinger Board-a-Match Teams,2/3,0,,,
1980,Reisinger Board-a-Match Teams,2/3,0,,,
1979,Reisinger Board-a-Match Teams,1/2,Bobby Levin,,,
1979,Reisinger Board-a-Match Teams,1/2,Bud Reinhold,,,
1979,Reisinger Board-a-Match Teams,1/2,Eric Rodwell,,,
1979,Reisinger Board-a-Match Teams,1/2,Jeff Meckstroth,,,
1979,Reisinger Board-a-Match Teams,1/2,Russ Arnold,,,
1979,Reisinger Board-a-Match Teams,1/2,0,,,
1979,Reisinger Board-a-Match Teams,1/2,Bob Hamman,,,
1979,Reisinger Board-a-Match Teams,1/2,Bobby Wolff,,,
1979,Reisinger Board-a-Match Teams,1/2,Fred Hamilton,,,
1979,Reisinger Board-a-Match Teams,1/2,Ira G. Corn Jr.,,,
1979,Reisinger Board-a-Match Teams,1/2,Ira Rubin,,,
1979,Reisinger Board-a-Match Teams,1/2,0,,,
1978,Reisinger Board-a-Match Teams,1,Bob Hamman,,,
1978,Reisinger Board-a-Match Teams,1,Bobby Wolff,,,
1978,Reisinger Board-a-Match Teams,1,Fred Hamilton,,,
1978,Reisinger Board-a-Match Teams,1,Ira G. Corn Jr.,,,
1978,Reisinger Board-a-Match Teams,1,Ira Rubin,,,
1978,Reisinger Board-a-Match Teams,1,0,,,
1978,Reisinger Board-a-Match Teams,2,Allan Graves,,,
1978,Reisinger Board-a-Match Teams,2,Barney O'Malia,,,
1978,Reisinger Board-a-Match Teams,2,Gaylor Kasle,,,
1978,Reisinger Board-a-Match Teams,2,George Mittelman,,,
1978,Reisinger Board-a-Match Teams,2,Mark Lair,,,
1978,Reisinger Board-a-Match Teams,2,Ron Smith,,,
1977,Reisinger Board-a-Match Teams,1,Alan Greenberg,,,
1977,Reisinger Board-a-Match Teams,1,Jim Jacoby,,,
1977,Reisinger Board-a-Match Teams,1,Jimmy Cayne,,,
1977,Reisinger Board-a-Match Teams,1,Kyle Larsen,,,
1977,Reisinger Board-a-Match Teams,1,Mike Lawrence,,,
1977,Reisinger Board-a-Match Teams,1,0,,,
1977,Reisinger Board-a-Match Teams,2,Matt Granovetter,,,
1977,Reisinger Board-a-Match Teams,2,Neil Silverman,,,
1977,Reisinger Board-a-Match Teams,2,Robert H. Lipsitz,,,
1977,Reisinger Board-a-Match Teams,2,Samuel M. Stayman,,,
1977,Reisinger Board-a-Match Teams,2,0,,,
1977,Reisinger Board-a-Match Teams,2,0,,,
1976,Reisinger Board-a-Match Teams,1,Billy Eisenberg,,,
1976,Reisinger Board-a-Match Teams,1,Bobby Goldman,,,
1976,Reisinger Board-a-Match Teams,1,Eddie Kantar,,,
1976,Reisinger Board-a-Match Teams,1,Malcolm Brachman,,,
1976,Reisinger Board-a-Match Teams,1,Mike Passell,,,
1976,Reisinger Board-a-Match Teams,1,Paul Soloway,,,
1976,Reisinger Board-a-Match Teams,2,Matt Granovetter,,,
1976,Reisinger Board-a-Match Teams,2,Robert H. Lipsitz,,,
1976,Reisinger Board-a-Match Teams,2,Samuel M. Stayman,,,
1976,Reisinger Board-a-Match Teams,2,Steven J. Parker,,,
1976,Reisinger Board-a-Match Teams,2,0,,,
1976,Reisinger Board-a-Match Teams,2,0,,,
1975,Reisinger Board-a-Match Teams,1,Erik Paulsen,,,
1975,Reisinger Board-a-Match Teams,1,Fred Hamilton,,,
1975,Reisinger Board-a-Match Teams,1,Hugh Ross,,,
1975,Reisinger Board-a-Match Teams,1,Ira Rubin,,,
1975,Reisinger Board-a-Match Teams,1,0,,,
1975,Reisinger Board-a-Match Teams,1,0,,,
1975,Reisinger Board-a-Match Teams,2,Frank Hoadley,,,
1975,Reisinger Board-a-Match Teams,2,Jack LaNoue,,,
1975,Reisinger Board-a-Match Teams,2,Richard E. Doughty,,,
1975,Reisinger Board-a-Match Teams,2,Sidney H. Lazard,,,
1975,Reisinger Board-a-Match Teams,2,0,,,
1975,Reisinger Board-a-Match Teams,2,0,,,
1974,Reisinger Board-a-Match Teams,1,Erik Paulsen,,,
1974,Reisinger Board-a-Match Teams,1,Fred Hamilton,,,
1974,Reisinger Board-a-Match Teams,1,Hugh Ross,,,
1974,Reisinger Board-a-Match Teams,1,Ira Rubin,,,
1974,Reisinger Board-a-Match Teams,1,0,,,
1974,Reisinger Board-a-Match Teams,1,0,,,
1974,Reisinger Board-a-Match Teams,2,J. Merrill,,,
1974,Reisinger Board-a-Match Teams,2,John Solodar,,,
1974,Reisinger Board-a-Match Teams,2,Marc Jacobus,,,
1974,Reisinger Board-a-Match Teams,2,Stephen Goldstein,,,
1974,Reisinger Board-a-Match Teams,2,Steve Sion,,,
1974,Reisinger Board-a-Match Teams,2,Judi Solodar,,,
1973,Reisinger Board-a-Match Teams,1,Alan Sontag,,,
1973,Reisinger Board-a-Match Teams,1,Bud Reinhold,,,
1973,Reisinger Board-a-Match Teams,1,Dr. Richard H. Katz,,,
1973,Reisinger Board-a-Match Teams,1,Larry Cohen,,,
1973,Reisinger Board-a-Match Teams,1,Peter Weichsel,,,
1973,Reisinger Board-a-Match Teams,1,0,,,
1973,Reisinger Board-a-Match Teams,2,Byron Greenberg,,,
1973,Reisinger Board-a-Match Teams,2,Jack Blair,,,
1973,Reisinger Board-a-Match Teams,2,Paul Swanson,,,
1973,Reisinger Board-a-Match Teams,2,Thomas K. Sanders,,,
1973,Reisinger Board-a-Match Teams,2,0,,,
1973,Reisinger Board-a-Match Teams,2,0,,,
1972,Reisinger Board-a-Match Teams,1,Lou Bluhm,,,
1972,Reisinger Board-a-Match Teams,1,Steve Goldberg,,,
1972,Reisinger Board-a-Match Teams,1,Steve Robinson,,,
1972,Reisinger Board-a-Match Teams,1,Steven J. Parker,,,
1972,Reisinger Board-a-Match Teams,1,0,,,
1972,Reisinger Board-a-Match Teams,1,0,,,
1972,Reisinger Board-a-Match Teams,2,Eric R. Murray,,,
1972,Reisinger Board-a-Match Teams,2,George Rapee,,,
1972,Reisinger Board-a-Match Teams,2,Sami R. Kehela,,,
1972,Reisinger Board-a-Match Teams,2,William Grieve,,,
1972,Reisinger Board-a-Match Teams,2,0,,,
1972,Reisinger Board-a-Match Teams,2,0,,,
1971,Reisinger Board-a-Match Teams,1,Donald P. Krauss,,,
1971,Reisinger Board-a-Match Teams,1,Edgar Kaplan,,,
1971,Reisinger Board-a-Match Teams,1,George Rapee,,,
1971,Reisinger Board-a-Match Teams,1,Lewis L. Mathe,,,
1971,Reisinger Board-a-Match Teams,1,Norman Kay,,,
1971,Reisinger Board-a-Match Teams,1,William Grieve,,,
1971,Reisinger Board-a-Match Teams,2,Antonio H. Dionisi,,,
1971,Reisinger Board-a-Match Teams,2,Grant Baze,,,
1971,Reisinger Board-a-Match Teams,2,Harlow S. Lewis,,,
1971,Reisinger Board-a-Match Teams,2,Peter A. Pender,,,
1971,Reisinger Board-a-Match Teams,2,0,,,
1971,Reisinger Board-a-Match Teams,2,0,,,
1970,Reisinger Board-a-Match Teams,1/2,Billy Eisenberg,,,
1970,Reisinger Board-a-Match Teams,1/2,Bob Hamman,,,
1970,Reisinger Board-a-Match Teams,1/2,Bobby Goldman,,,
1970,Reisinger Board-a-Match Teams,1/2,Bobby Wolff,,,
1970,Reisinger Board-a-Match Teams,1/2,Jim Jacoby,,,
1970,Reisinger Board-a-Match Teams,1/2,Mike Lawrence,,,
1970,Reisinger Board-a-Match Teams,1/2,Antonio H. Dionisi,,,
1970,Reisinger Board-a-Match Teams,1/2,George Rapee,,,
1970,Reisinger Board-a-Match Teams,1/2,Grant Baze,,,
1970,Reisinger Board-a-Match Teams,1/2,Harlow S. Lewis,,,
1970,Reisinger Board-a-Match Teams,1/2,Peter A. Pender,,,
1970,Reisinger Board-a-Match Teams,1/2,William Grieve,,,
1969,Reisinger Board-a-Match Teams,1,Ira Rubin,,,
1969,Reisinger Board-a-Match Teams,1,Jeff Westheimer,,,
1969,Reisinger Board-a-Match Teams,1,Phil Feldesman,,,
1969,Reisinger Board-a-Match Teams,1,William Grieve,,,
1969,Reisinger Board-a-Match Teams,1,0,,,
1969,Reisinger Board-a-Match Teams,1,0,,,
1969,Reisinger Board-a-Match Teams,2,Edgar Kaplan,,,
1969,Reisinger Board-a-Match Teams,2,Eric R. Murray,,,
1969,Reisinger Board-a-Match Teams,2,George Rapee,,,
1969,Reisinger Board-a-Match Teams,2,Norman Kay,,,
1969,Reisinger Board-a-Match Teams,2,Sami R. Kehela,,,
1969,Reisinger Board-a-Match Teams,2,Sidney H. Lazard,,,
1968,Reisinger Board-a-Match Teams,1,Erik Paulsen,,,
1968,Reisinger Board-a-Match Teams,1,Howard Schenken,,,
1968,Reisinger Board-a-Match Teams,1,Hugh Ross,,,
1968,Reisinger Board-a-Match Teams,1,Kyle Larsen,,,
1968,Reisinger Board-a-Match Teams,1,Peter A. Pender,,,
1968,Reisinger Board-a-Match Teams,1,0,,,
1968,Reisinger Board-a-Match Teams,2,Billy Eisenberg,,,
1968,Reisinger Board-a-Match Teams,2,Bob Hamman,,,
1968,Reisinger Board-a-Match Teams,2,Bobby Goldman,,,
1968,Reisinger Board-a-Match Teams,2,Eddie Kantar,,,
1968,Reisinger Board-a-Match Teams,2,George Rapee,,,
1968,Reisinger Board-a-Match Teams,2,Sidney H. Lazard,,,
1967,Reisinger Board-a-Match Teams,1,Alvin Roth,,,
1967,Reisinger Board-a-Match Teams,1,Arthur G. Robinson,,,
1967,Reisinger Board-a-Match Teams,1,Bill Root,,,
1967,Reisinger Board-a-Match Teams,1,Edgar Kaplan,,,
1967,Reisinger Board-a-Match Teams,1,Norman Kay,,,
1967,Reisinger Board-a-Match Teams,1,Robert F. Jordan,,,
1967,Reisinger Board-a-Match Teams,2,Charles Peres,,,
1967,Reisinger Board-a-Match Teams,2,Dan Rotman,,,
1967,Reisinger Board-a-Match Teams,2,Mike Becker,,,
1967,Reisinger Board-a-Match Teams,2,Steve Altman,,,
1967,Reisinger Board-a-Match Teams,2,0,,,
1967,Reisinger Board-a-Match Teams,2,0,,,
1966,Reisinger Board-a-Match Teams,1,Arthur G. Robinson,,,
1966,Reisinger Board-a-Match Teams,1,Edgar Kaplan,,,
1966,Reisinger Board-a-Match Teams,1,Norman Kay,,,
1966,Reisinger Board-a-Match Teams,1,Robert F. Jordan,,,
1966,Reisinger Board-a-Match Teams,1,0,,,
1966,Reisinger Board-a-Match Teams,1,0,,,
1966,Reisinger Board-a-Match Teams,2/3,Erik Paulsen,,,
1966,Reisinger Board-a-Match Teams,2/3,Gerald Bare,,,
1966,Reisinger Board-a-Match Teams,2/3,Harold Guiver,,,
1966,Reisinger Board-a-Match Teams,2/3,Hugh Ross,,,
1966,Reisinger Board-a-Match Teams,2/3,Lewis L. Mathe,,,
1966,Reisinger Board-a-Match Teams,2/3,Mike McMahan,,,
1966,Reisinger Board-a-Match Teams,2/3,Alvin Roth,,,
1966,Reisinger Board-a-Match Teams,2/3,Bee Schenken,,,
1966,Reisinger Board-a-Match Teams,2/3,Bill Root,,,
1966,Reisinger Board-a-Match Teams,2/3,Howard Schenken,,,
1966,Reisinger Board-a-Match Teams,2/3,0,,,
1966,Reisinger Board-a-Match Teams,2/3,0,,,
1965,Reisinger Board-a-Match Teams,1,Eddie Kantar,,,
1965,Reisinger Board-a-Match Teams,1,Lew Stansby,,,
1965,Reisinger Board-a-Match Teams,1,Marshall Miles,,,
1965,Reisinger Board-a-Match Teams,1,Mike Lawrence,,,
1965,Reisinger Board-a-Match Teams,1,0,,,
1965,Reisinger Board-a-Match Teams,1,0,,,
1965,Reisinger Board-a-Match Teams,2,Ira Rubin,,,
1965,Reisinger Board-a-Match Teams,2,Michael Engel,,,
1965,Reisinger Board-a-Match Teams,2,Phil Feldesman,,,
1965,Reisinger Board-a-Match Teams,2,Richard Freeman,,,
1965,Reisinger Board-a-Match Teams,2,0,,,
1965,Reisinger Board-a-Match Teams,2,0,,,
1964,Reisinger Board-a-Match Teams,1,Harold Rockaway,,,
1964,Reisinger Board-a-Match Teams,1,John Gerber,,,
1964,Reisinger Board-a-Match Teams,1,Mervin Key,,,
1964,Reisinger Board-a-Match Teams,1,Paul Hodge,,,
1964,Reisinger Board-a-Match Teams,1,0,,,
1964,Reisinger Board-a-Match Teams,1,0,,,
1964,Reisinger Board-a-Match Teams,2,Bobby Wolff,,,
1964,Reisinger Board-a-Match Teams,2,Cliff Russell,,,
1964,Reisinger Board-a-Match Teams,2,Curtis K. Smith,,,
1964,Reisinger Board-a-Match Teams,2,Edith Kemp,,,
1964,Reisinger Board-a-Match Teams,2,Harold Harkavy,,,
1964,Reisinger Board-a-Match Teams,2,Waldemar K. von Zedtwitz,,,
1963,Reisinger Board-a-Match Teams,1,Charles H. Goren,,,
1963,Reisinger Board-a-Match Teams,1,Harold Ogust,,,
1963,Reisinger Board-a-Match Teams,1,Howard Schenken,,,
1963,Reisinger Board-a-Match Teams,1,Peter A. Leventritt,,,
1963,Reisinger Board-a-Match Teams,1,0,,,
1963,Reisinger Board-a-Match Teams,1,0,,,
1963,Reisinger Board-a-Match Teams,2,Donald R. Faskow,,,
1963,Reisinger Board-a-Match Teams,2,Herbert Sachs,,,
1963,Reisinger Board-a-Match Teams,2,Paul Swanson,,,
1963,Reisinger Board-a-Match Teams,2,William L. Flannery,,,
1963,Reisinger Board-a-Match Teams,2,0,,,
1963,Reisinger Board-a-Match Teams,2,0,,,
1962,Reisinger Board-a-Match Teams,1/2,Edward O. Taylor,,,
1962,Reisinger Board-a-Match Teams,1/2,Erik Paulsen,,,
1962,Reisinger Board-a-Match Teams,1/2,Harold Guiver,,,
1962,Reisinger Board-a-Match Teams,1/2,Lewis L. Mathe,,,
1962,Reisinger Board-a-Match Teams,1/2,Paul Allinger,,,
1962,Reisinger Board-a-Match Teams,1/2,Ron Von der Porten,,,
1962,Reisinger Board-a-Match Teams,1/2,Billy Eisenberg,,,
1962,Reisinger Board-a-Match Teams,1/2,Bob Hamman,,,
1962,Reisinger Board-a-Match Teams,1/2,Donald P. Krauss,,,
1962,Reisinger Board-a-Match Teams,1/2,Eddie Kantar,,,
1962,Reisinger Board-a-Match Teams,1/2,Marshall Miles,,,
1962,Reisinger Board-a-Match Teams,1/2,0,,,
1961,Reisinger Board-a-Match Teams,1,Alvin Roth,,,
1961,Reisinger Board-a-Match Teams,1,John R. Crawford,,,
1961,Reisinger Board-a-Match Teams,1,Norman Kay,,,
1961,Reisinger Board-a-Match Teams,1,Sidney Silodor,,,
1961,Reisinger Board-a-Match Teams,1,Tobias Stone,,,
1961,Reisinger Board-a-Match Teams,1,0,,,
1961,Reisinger Board-a-Match Teams,2/3,Arthur G. Robinson,,,
1961,Reisinger Board-a-Match Teams,2/3,Charles Coon,,,
1961,Reisinger Board-a-Match Teams,2/3,Eric R. Murray,,,
1961,Reisinger Board-a-Match Teams,2/3,Robert F. Jordan,,,
1961,Reisinger Board-a-Match Teams,2/3,0,,,
1961,Reisinger Board-a-Match Teams,2/3,0,,,
1961,Reisinger Board-a-Match Teams,2/3,Carol Sanders,,,
1961,Reisinger Board-a-Match Teams,2/3,Harold Guiver,,,
1961,Reisinger Board-a-Match Teams,2/3,Mike Shuman,,,
1961,Reisinger Board-a-Match Teams,2/3,Thomas K. Sanders,,,
1961,Reisinger Board-a-Match Teams,2/3,0,,,
1961,Reisinger Board-a-Match Teams,2/3,0,,,
1960,Reisinger Board-a-Match Teams,1,Lewis L. Mathe,,,
1960,Reisinger Board-a-Match Teams,1,Ollie Adams,,,
1960,Reisinger Board-a-Match Teams,1,Sidney H. Lazard,,,
1960,Reisinger Board-a-Match Teams,1,William Hanna,,,
1960,Reisinger Board-a-Match Teams,1,0,,,
1960,Reisinger Board-a-Match Teams,1,0,,,
1960,Reisinger Board-a-Match Teams,2,Bobby Nail,,,
1960,Reisinger Board-a-Match Teams,2,Curtis K. Smith,,,
1960,Reisinger Board-a-Match Teams,2,Mervin Key,,,
1960,Reisinger Board-a-Match Teams,2,Oswald Jacoby,,,
1960,Reisinger Board-a-Match Teams,2,0,,,
1960,Reisinger Board-a-Match Teams,2,0,,,
1959,Reisinger Board-a-Match Teams,1,Donald A. Oakie,,,
1959,Reisinger Board-a-Match Teams,1,Edward O. Taylor,,,
1959,Reisinger Board-a-Match Teams,1,Lewis L. Mathe,,,
1959,Reisinger Board-a-Match Teams,1,Meyer Schleifer,,,
1959,Reisinger Board-a-Match Teams,1,0,,,
1959,Reisinger Board-a-Match Teams,1,0,,,
1959,Reisinger Board-a-Match Teams,2,Charles J. Solomon,,,
1959,Reisinger Board-a-Match Teams,2,Harry Fishbein,,,
1959,Reisinger Board-a-Match Teams,2,John Gerber,,,
1959,Reisinger Board-a-Match Teams,2,Paul Hodge,,,
1959,Reisinger Board-a-Match Teams,2,0,,,
1959,Reisinger Board-a-Match Teams,2,0,,,
1958,Reisinger Board-a-Match Teams,1,Alfred Sheinwold,,,
1958,Reisinger Board-a-Match Teams,1,Edgar Kaplan,,,
1958,Reisinger Board-a-Match Teams,1,Ivar Stakgold,,,
1958,Reisinger Board-a-Match Teams,1,Leonard B. Harmon,,,
1958,Reisinger Board-a-Match Teams,1,Ralph Hirschberg,,,
1958,Reisinger Board-a-Match Teams,1,0,,,
1958,Reisinger Board-a-Match Teams,2,Arthur M. Miller,,,
1958,Reisinger Board-a-Match Teams,2,David Strasberg,,,
1958,Reisinger Board-a-Match Teams,2,Jay Wendt,,,
1958,Reisinger Board-a-Match Teams,2,John H. Moran,,,
1958,Reisinger Board-a-Match Teams,2,0,,,
1958,Reisinger Board-a-Match Teams,2,0,,,
1957,Reisinger Board-a-Match Teams,1,Bill Root,,,
1957,Reisinger Board-a-Match Teams,1,Charles H. Goren,,,
1957,Reisinger Board-a-Match Teams,1,Harold Ogust,,,
1957,Reisinger Board-a-Match Teams,1,Helen Sobel,,,
1957,Reisinger Board-a-Match Teams,1,Howard Schenken,,,
1957,Reisinger Board-a-Match Teams,1,0,,,
1957,Reisinger Board-a-Match Teams,2,Ben Fain,,,
1957,Reisinger Board-a-Match Teams,2,Harry Fishbein,,,
1957,Reisinger Board-a-Match Teams,2,John Gerber,,,
1957,Reisinger Board-a-Match Teams,2,Paul Hodge,,,
1957,Reisinger Board-a-Match Teams,2,Robert Y. Barrett,,,
1957,Reisinger Board-a-Match Teams,2,0,,,
1956,Reisinger Board-a-Match Teams,1,B. Jay Becker,,,
1956,Reisinger Board-a-Match Teams,1,George Rapee,,,
1956,Reisinger Board-a-Match Teams,1,John R. Crawford,,,
1956,Reisinger Board-a-Match Teams,1,Sidney Silodor,,,
1956,Reisinger Board-a-Match Teams,1,0,,,
1956,Reisinger Board-a-Match Teams,1,0,,,
1956,Reisinger Board-a-Match Teams,2,Ben Fain,,,
1956,Reisinger Board-a-Match Teams,2,Dick Sutton,,,
1956,Reisinger Board-a-Match Teams,2,Oswald Jacoby,,,
1956,Reisinger Board-a-Match Teams,2,Paul Hodge,,,
1956,Reisinger Board-a-Match Teams,2,0,,,
1956,Reisinger Board-a-Match Teams,2,0,,,
1955,Reisinger Board-a-Match Teams,1,Ben Fain,,,
1955,Reisinger Board-a-Match Teams,1,George Heath,,,
1955,Reisinger Board-a-Match Teams,1,Jim Jacoby,,,
1955,Reisinger Board-a-Match Teams,1,Oswald Jacoby,,,
1955,Reisinger Board-a-Match Teams,1,Paul Hodge,,,
1955,Reisinger Board-a-Match Teams,1,0,,,
1955,Reisinger Board-a-Match Teams,2,Dr. William V. Lipton,,,
1955,Reisinger Board-a-Match Teams,2,J.G. Ripstra,,,
1955,Reisinger Board-a-Match Teams,2,Victor Mitchell,,,
1955,Reisinger Board-a-Match Teams,2,W. Miller Nelson,,,
1955,Reisinger Board-a-Match Teams,2,0,,,
1955,Reisinger Board-a-Match Teams,2,0,,,
1954,Reisinger Board-a-Match Teams,1,B. Jay Becker,,,
1954,Reisinger Board-a-Match Teams,1,George Rapee,,,
1954,Reisinger Board-a-Match Teams,1,John R. Crawford,,,
1954,Reisinger Board-a-Match Teams,1,Sidney Silodor,,,
1954,Reisinger Board-a-Match Teams,1,0,,,
1954,Reisinger Board-a-Match Teams,1,0,,,
1954,Reisinger Board-a-Match Teams,2,Alvin Roth,,,
1954,Reisinger Board-a-Match Teams,2,Israel Cohen,,,
1954,Reisinger Board-a-Match Teams,2,Paul Kibler,,,
1954,Reisinger Board-a-Match Teams,2,William Seamon,,,
1954,Reisinger Board-a-Match Teams,2,0,,,
1954,Reisinger Board-a-Match Teams,2,0,,,
1953,Reisinger Board-a-Match Teams,1,B. Jay Becker,,,
1953,Reisinger Board-a-Match Teams,1,George Rapee,,,
1953,Reisinger Board-a-Match Teams,1,John R. Crawford,,,
1953,Reisinger Board-a-Match Teams,1,Samuel M. Stayman,,,
1953,Reisinger Board-a-Match Teams,1,0,,,
1953,Reisinger Board-a-Match Teams,1,0,,,
1953,Reisinger Board-a-Match Teams,2,Charles J. Solomon,,,
1953,Reisinger Board-a-Match Teams,2,Harry Fishbein,,,
1953,Reisinger Board-a-Match Teams,2,Peggy Solomon,,,
1953,Reisinger Board-a-Match Teams,2,Peter A. Leventritt,,,
1953,Reisinger Board-a-Match Teams,2,Ruth Sherman,,,
1953,Reisinger Board-a-Match Teams,2,0,,,
1952,Reisinger Board-a-Match Teams,1,Alvin Roth,,,
1952,Reisinger Board-a-Match Teams,1,Edith Kemp,,,
1952,Reisinger Board-a-Match Teams,1,Harold Harkavy,,,
1952,Reisinger Board-a-Match Teams,1,Tobias Stone,,,
1952,Reisinger Board-a-Match Teams,1,0,,,
1952,Reisinger Board-a-Match Teams,1,0,,,
1952,Reisinger Board-a-Match Teams,2,Arthur S. Goldsmith,,,
1952,Reisinger Board-a-Match Teams,2,Edward H. Cohen,,,
1952,Reisinger Board-a-Match Teams,2,Elmer I. Schwartz,,,
1952,Reisinger Board-a-Match Teams,2,Jeff Glick,,,
1952,Reisinger Board-a-Match Teams,2,0,,,
1952,Reisinger Board-a-Match Teams,2,0,,,
1951,Reisinger Board-a-Match Teams,1,C Bruce Elliott,,,
1951,Reisinger Board-a-Match Teams,1,Corti Boland,,,
1951,Reisinger Board-a-Match Teams,1,Micky M. Miller,,,
1951,Reisinger Board-a-Match Teams,1,Percy E. Sheardown,,,
1951,Reisinger Board-a-Match Teams,1,0,,,
1951,Reisinger Board-a-Match Teams,1,0,,,
1951,Reisinger Board-a-Match Teams,2,B. Jay Becker,,,
1951,Reisinger Board-a-Match Teams,2,Charles H. Goren,,,
1951,Reisinger Board-a-Match Teams,2,Helen Sobel,,,
1951,Reisinger Board-a-Match Teams,2,Myron Field,,,
1951,Reisinger Board-a-Match Teams,2,Sidney Silodor,,,
1951,Reisinger Board-a-Match Teams,2,0,,,
1950,Reisinger Board-a-Match Teams,1,B. Jay Becker,,,
1950,Reisinger Board-a-Match Teams,1,Charles H. Goren,,,
1950,Reisinger Board-a-Match Teams,1,Helen Sobel,,,
1950,Reisinger Board-a-Match Teams,1,Myron Field,,,
1950,Reisinger Board-a-Match Teams,1,Sidney Silodor,,,
1950,Reisinger Board-a-Match Teams,1,0,,,
1950,Reisinger Board-a-Match Teams,2,Edward N. Marcus,,,
1950,Reisinger Board-a-Match Teams,2,George Rapee,,,
1950,Reisinger Board-a-Match Teams,2,Howard Schenken,,,
1950,Reisinger Board-a-Match Teams,2,John R. Crawford,,,
1950,Reisinger Board-a-Match Teams,2,Samuel M. Stayman,,,
1950,Reisinger Board-a-Match Teams,2,0,,,
1949,Reisinger Board-a-Match Teams,1,Jack Shore,,,
1949,Reisinger Board-a-Match Teams,1,Larry Hirsch,,,
1949,Reisinger Board-a-Match Teams,1,Lee Hazen,,,
1949,Reisinger Board-a-Match Teams,1,Peter A. Leventritt,,,
1949,Reisinger Board-a-Match Teams,1,Richard Kahn,,,
1949,Reisinger Board-a-Match Teams,1,0,,,
1949,Reisinger Board-a-Match Teams,2/3,Benjamin O. Johnson,,,
1949,Reisinger Board-a-Match Teams,2/3,Edward N. Marcus,,,
1949,Reisinger Board-a-Match Teams,2/3,Emily Folline,,,
1949,Reisinger Board-a-Match Teams,2/3,Ludwig Kabakjian,,,
1949,Reisinger Board-a-Match Teams,2/3,Sidney Aronson,,,
1949,Reisinger Board-a-Match Teams,2/3,0,,,
1949,Reisinger Board-a-Match Teams,2/3,Alvin Landy,,,
1949,Reisinger Board-a-Match Teams,2/3,Arthur S. Goldsmith,,,
1949,Reisinger Board-a-Match Teams,2/3,Elmer I. Schwartz,,,
1949,Reisinger Board-a-Match Teams,2/3,Jeff Glick,,,
1949,Reisinger Board-a-Match Teams,2/3,Sol Mogal,,,
1949,Reisinger Board-a-Match Teams,2/3,0,,,
1948,Reisinger Board-a-Match Teams,1,Agnes Gordon,,,
1948,Reisinger Board-a-Match Teams,1,C Bruce Elliott,,,
1948,Reisinger Board-a-Match Teams,1,Charlotte Sidway,,,
1948,Reisinger Board-a-Match Teams,1,J. George Boeckh,,,
1948,Reisinger Board-a-Match Teams,1,0,,,
1948,Reisinger Board-a-Match Teams,1,0,,,
1948,Reisinger Board-a-Match Teams,2,George Rapee,,,
1948,Reisinger Board-a-Match Teams,2,John R. Crawford,,,
1948,Reisinger Board-a-Match Teams,2,Samuel M. Stayman,,,
1948,Reisinger Board-a-Match Teams,2,Sidney Silodor,,,
1948,Reisinger Board-a-Match Teams,2,0,,,
1948,Reisinger Board-a-Match Teams,2,0,,,
1947,Reisinger Board-a-Match Teams,1,Jane Jaeger,,,
1947,Reisinger Board-a-Match Teams,1,Kay Rhodes,,,
1947,Reisinger Board-a-Match Teams,1,Paula Bacher,,,
1947,Reisinger Board-a-Match Teams,1,Sally Young,,,
1947,Reisinger Board-a-Match Teams,1,0,,,
1947,Reisinger Board-a-Match Teams,1,0,,,
1947,Reisinger Board-a-Match Teams,2/3,George Rapee,,,
1947,Reisinger Board-a-Match Teams,2/3,John R. Crawford,,,
1947,Reisinger Board-a-Match Teams,2/3,Samuel M. Stayman,,,
1947,Reisinger Board-a-Match Teams,2/3,Theodore A. Lightner,,,
1947,Reisinger Board-a-Match Teams,2/3,0,,,
1947,Reisinger Board-a-Match Teams,2/3,0,,,
1947,Reisinger Board-a-Match Teams,2/3,Malcolm A. Lightman,,,
1947,Reisinger Board-a-Match Teams,2/3,Morris Berliant,,,
1947,Reisinger Board-a-Match Teams,2/3,Robert Appleyard,,,
1947,Reisinger Board-a-Match Teams,2/3,Simon Rossant,,,
1947,Reisinger Board-a-Match Teams,2/3,0,,,
1947,Reisinger Board-a-Match Teams,2/3,0,,,
1946,Reisinger Board-a-Match Teams,1,A. Mitchell Barnes,,,
1946,Reisinger Board-a-Match Teams,1,Alvin Roth,,,
1946,Reisinger Board-a-Match Teams,1,Edith Seligman,,,
1946,Reisinger Board-a-Match Teams,1,John R. Crawford,,,
1946,Reisinger Board-a-Match Teams,1,0,,,
1946,Reisinger Board-a-Match Teams,1,0,,,
1946,Reisinger Board-a-Match Teams,2,Fred Karpin,,,
1946,Reisinger Board-a-Match Teams,2,Louis Newman,,,
1946,Reisinger Board-a-Match Teams,2,Simon Becker,,,
1946,Reisinger Board-a-Match Teams,2,Stanley Fenkel,,,
1946,Reisinger Board-a-Match Teams,2,0,,,
1946,Reisinger Board-a-Match Teams,2,0,,,
1945,Reisinger Board-a-Match Teams,1,George Rapee,,,
1945,Reisinger Board-a-Match Teams,1,Lee Hazen,,,
1945,Reisinger Board-a-Match Teams,1,Samuel M. Stayman,,,
1945,Reisinger Board-a-Match Teams,1,Waldemar K. von Zedtwitz,,,
1945,Reisinger Board-a-Match Teams,1,0,,,
1945,Reisinger Board-a-Match Teams,1,0,,,
1945,Reisinger Board-a-Match Teams,2,Ambrose Casner,,,
1945,Reisinger Board-a-Match Teams,2,Harold Harkavy,,,
1945,Reisinger Board-a-Match Teams,2,Harold Ogust,,,
1945,Reisinger Board-a-Match Teams,2,Jack Shore,,,
1945,Reisinger Board-a-Match Teams,2,Ralph Hirschberg,,,
1945,Reisinger Board-a-Match Teams,2,0,,,
1944,Reisinger Board-a-Match Teams,1,Charles J. Solomon,,,
1944,Reisinger Board-a-Match Teams,1,Peggy Golder,,,
1944,Reisinger Board-a-Match Teams,1,Ruth Sherman,,,
1944,Reisinger Board-a-Match Teams,1,Simon Becker,,,
1944,Reisinger Board-a-Match Teams,1,0,,,
1944,Reisinger Board-a-Match Teams,1,0,,,
1944,Reisinger Board-a-Match Teams,2,B. Jay Becker,,,
1944,Reisinger Board-a-Match Teams,2,Charles H. Goren,,,
1944,Reisinger Board-a-Match Teams,2,Helen Sobel,,,
1944,Reisinger Board-a-Match Teams,2,Sidney Silodor,,,
1944,Reisinger Board-a-Match Teams,2,0,,,
1944,Reisinger Board-a-Match Teams,2,0,,,
1943,Reisinger Board-a-Match Teams,1,B. Jay Becker,,,
1943,Reisinger Board-a-Match Teams,1,Charles H. Goren,,,
1943,Reisinger Board-a-Match Teams,1,Helen Sobel,,,
1943,Reisinger Board-a-Match Teams,1,Sidney Silodor,,,
1943,Reisinger Board-a-Match Teams,1,0,,,
1943,Reisinger Board-a-Match Teams,1,0,,,
1943,Reisinger Board-a-Match Teams,2,Bertram Lebhar Jr.,,,
1943,Reisinger Board-a-Match Teams,2,Peter A. Leventritt,,,
1943,Reisinger Board-a-Match Teams,2,Samuel Katz,,,
1943,Reisinger Board-a-Match Teams,2,Simon Rossant,,,
1943,Reisinger Board-a-Match Teams,2,0,,,
1943,Reisinger Board-a-Match Teams,2,0,,,
1942,Reisinger Board-a-Match Teams,1,B. Jay Becker,,,
1942,Reisinger Board-a-Match Teams,1,Charles H. Goren,,,
1942,Reisinger Board-a-Match Teams,1,John R. Crawford,,,
1942,Reisinger Board-a-Match Teams,1,Sidney Silodor,,,
1942,Reisinger Board-a-Match Teams,1,0,,,
1942,Reisinger Board-a-Match Teams,1,0,,,
1942,Reisinger Board-a-Match Teams,2,Harry Fishbein,,,
1942,Reisinger Board-a-Match Teams,2,Lee Hazen,,,
1942,Reisinger Board-a-Match Teams,2,S. Garton Churchill,,,
1942,Reisinger Board-a-Match Teams,2,Waldemar K. von Zedtwitz,,,
1942,Reisinger Board-a-Match Teams,2,0,,,
1942,Reisinger Board-a-Match Teams,2,0,,,
1941,Reisinger Board-a-Match Teams,1,Helen Sobel,,,
1941,Reisinger Board-a-Match Teams,1,Margaret Wagar,,,
1941,Reisinger Board-a-Match Teams,1,Peter A. Leventritt,,,
1941,Reisinger Board-a-Match Teams,1,Simon Rossant,,,
1941,Reisinger Board-a-Match Teams,1,0,,,
1941,Reisinger Board-a-Match Teams,1,0,,,
1941,Reisinger Board-a-Match Teams,2,A. Mitchell Barnes,,,
1941,Reisinger Board-a-Match Teams,2,Charles S. Lochridge,,,
1941,Reisinger Board-a-Match Teams,2,Lee Hazen,,,
1941,Reisinger Board-a-Match Teams,2,S. Garton Churchill,,,
1941,Reisinger Board-a-Match Teams,2,Waldemar K. von Zedtwitz,,,
1941,Reisinger Board-a-Match Teams,2,0,,,
1940,Reisinger Board-a-Match Teams,1,Harry Feinberg,,,
1940,Reisinger Board-a-Match Teams,1,Jeff Glick,,,
1940,Reisinger Board-a-Match Teams,1,Louis Newman,,,
1940,Reisinger Board-a-Match Teams,1,Maury J Glick,,,
1940,Reisinger Board-a-Match Teams,1,0,,,
1940,Reisinger Board-a-Match Teams,1,0,,,
1940,Reisinger Board-a-Match Teams,2,Alfred R. Dick,,,
1940,Reisinger Board-a-Match Teams,2,C. William Potts,,,
1940,Reisinger Board-a-Match Teams,2,Edward R. Thomas,,,
1940,Reisinger Board-a-Match Teams,2,James Sheern,,,
1940,Reisinger Board-a-Match Teams,2,0,,,
1940,Reisinger Board-a-Match Teams,2,0,,,
1939,Reisinger Board-a-Match Teams,1,B. Jay Becker,,,
1939,Reisinger Board-a-Match Teams,1,Charles H. Goren,,,
1939,Reisinger Board-a-Match Teams,1,Charles J. Solomon,,,
1939,Reisinger Board-a-Match Teams,1,John R. Crawford,,,
1939,Reisinger Board-a-Match Teams,1,Sally Young,,,
1939,Reisinger Board-a-Match Teams,1,0,,,
1939,Reisinger Board-a-Match Teams,2/4,Al Leibowitz,,,
1939,Reisinger Board-a-Match Teams,2/4,Edward N. Marcus,,,
1939,Reisinger Board-a-Match Teams,2/4,Jack Cushing,,,
1939,Reisinger Board-a-Match Teams,2/4,Seymour Kaplan,,,
1939,Reisinger Board-a-Match Teams,2/4,0,,,
1939,Reisinger Board-a-Match Teams,2/4,0,,,
1939,Reisinger Board-a-Match Teams,2/4,Merwyn D. Maier,,,
1939,Reisinger Board-a-Match Teams,2/4,Oswald Jacoby,,,
1939,Reisinger Board-a-Match Teams,2/4,Robert A. McPherran,,,
1939,Reisinger Board-a-Match Teams,2/4,Waldemar K. von Zedtwitz,,,
1939,Reisinger Board-a-Match Teams,2/4,0,,,
1939,Reisinger Board-a-Match Teams,2/4,0,,,
1939,Reisinger Board-a-Match Teams,2/4,Catherine W. Samberg,,,
1939,Reisinger Board-a-Match Teams,2/4,Henry Auslander,,,
1939,Reisinger Board-a-Match Teams,2/4,Jacob D. Lindy,,,
1939,Reisinger Board-a-Match Teams,2/4,Joseph Davis,,,
1939,Reisinger Board-a-Match Teams,2/4,0,,,
1939,Reisinger Board-a-Match Teams,2/4,0,,,
1938,Reisinger Board-a-Match Teams,1,Charles H. Goren,,,
1938,Reisinger Board-a-Match Teams,1,Charles J. Solomon,,,
1938,Reisinger Board-a-Match Teams,1,John R. Crawford,,,
1938,Reisinger Board-a-Match Teams,1,Sally Young,,,
1938,Reisinger Board-a-Match Teams,1,0,,,
1938,Reisinger Board-a-Match Teams,1,0,,,
1938,Reisinger Board-a-Match Teams,2,A. Mitchell Barnes,,,
1938,Reisinger Board-a-Match Teams,2,Benedict Jarmel,,,
1938,Reisinger Board-a-Match Teams,2,Mary Clement,,,
1938,Reisinger Board-a-Match Teams,2,Waldemar K. von Zedtwitz,,,
1938,Reisinger Board-a-Match Teams,2,0,,,
1938,Reisinger Board-a-Match Teams,2,0,,,
1937,Reisinger Board-a-Match Teams,1,Charles H. Goren,,,
1937,Reisinger Board-a-Match Teams,1,Charles J. Solomon,,,
1937,Reisinger Board-a-Match Teams,1,John R. Crawford,,,
1937,Reisinger Board-a-Match Teams,1,Sally Young,,,
1937,Reisinger Board-a-Match Teams,1,0,,,
1937,Reisinger Board-a-Match Teams,1,0,,,
1937,Reisinger Board-a-Match Teams,2,Alvin Roth,,,
1937,Reisinger Board-a-Match Teams,2,Oscar J. Brotman,,,
1937,Reisinger Board-a-Match Teams,2,S. S. Vorzimer,,,
1937,Reisinger Board-a-Match Teams,2,William Perry,,,
1937,Reisinger Board-a-Match Teams,2,0,,,
1937,Reisinger Board-a-Match Teams,2,0,,,
1936,Reisinger Board-a-Match Teams,1,Donald G. Farquharson,,,
1936,Reisinger Board-a-Match Teams,1,Marge Anderson,,,
1936,Reisinger Board-a-Match Teams,1,Mrs. J. A. Faulkner,,,
1936,Reisinger Board-a-Match Teams,1,Percy E. Sheardown,,,
1936,Reisinger Board-a-Match Teams,1,0,,,
1936,Reisinger Board-a-Match Teams,1,0,,,
1936,Reisinger Board-a-Match Teams,2,Albert Weiss,,,
1936,Reisinger Board-a-Match Teams,2,Arthur Glatt,,,
1936,Reisinger Board-a-Match Teams,2,John R. Smith,,,
1936,Reisinger Board-a-Match Teams,2,Laura Heiner,,,
1936,Reisinger Board-a-Match Teams,2,0,,,
1936,Reisinger Board-a-Match Teams,2,0,,,
1935,Reisinger Board-a-Match Teams,1,Edson Wood,,,
1935,Reisinger Board-a-Match Teams,1,F. Roland Buck,,,
1935,Reisinger Board-a-Match Teams,1,Joseph E. Cain,,,
1935,Reisinger Board-a-Match Teams,1,Lawrence J. Welch,,,
1935,Reisinger Board-a-Match Teams,1,0,,,
1935,Reisinger Board-a-Match Teams,1,0,,,
1935,Reisinger Board-a-Match Teams,2,Albert H. Morehead,,,
1935,Reisinger Board-a-Match Teams,2,Ely Culbertson,,,
1935,Reisinger Board-a-Match Teams,2,Josephine Culbertson,,,
1935,Reisinger Board-a-Match Teams,2,Richard L. Frey,,,
1935,Reisinger Board-a-Match Teams,2,0,,,
1935,Reisinger Board-a-Match Teams,2,0,,,
1934,Reisinger Board-a-Match Teams,1,Bernard Rabinowitz,,,
1934,Reisinger Board-a-Match Teams,1,Henry S. Dinkelspiel Jr.,,,
1934,Reisinger Board-a-Match Teams,1,Lewis M. Jaeger,,,
1934,Reisinger Board-a-Match Teams,1,Maurice Seiler,,,
1934,Reisinger Board-a-Match Teams,1,0,,,
1934,Reisinger Board-a-Match Teams,1,0,,,
1934,Reisinger Board-a-Match Teams,2,Jean P. Mattheys,,,
1934,Reisinger Board-a-Match Teams,2,Merwyn D. Maier,,,
1934,Reisinger Board-a-Match Teams,2,Sherman Stearns,,,
1934,Reisinger Board-a-Match Teams,2,Theodore A. Lightner,,,
1934,Reisinger Board-a-Match Teams,2,0,,,
1934,Reisinger Board-a-Match Teams,2,0,,,
1933,Reisinger Board-a-Match Teams,1,Albert Steiner,,,
1933,Reisinger Board-a-Match Teams,1,Charles A. Hall,,,
1933,Reisinger Board-a-Match Teams,1,Philip Steiner,,,
1933,Reisinger Board-a-Match Teams,1,Richard M. Wildberg,,,
1933,Reisinger Board-a-Match Teams,1,0,,,
1933,Reisinger Board-a-Match Teams,1,0,,,
1933,Reisinger Board-a-Match Teams,2,B. Jay Becker,,,
1933,Reisinger Board-a-Match Teams,2,P. Hal Sims,,,
1933,Reisinger Board-a-Match Teams,2,S. Garton Churchill,,,
1933,Reisinger Board-a-Match Teams,2,Waldemar K. von Zedtwitz,,,
1933,Reisinger Board-a-Match Teams,2,0,,,
1933,Reisinger Board-a-Match Teams,2,0,,,
1932,Reisinger Board-a-Match Teams,1,B. Jay Becker,,,
1932,Reisinger Board-a-Match Teams,1,George Reith,,,
1932,Reisinger Board-a-Match Teams,1,S. Garton Churchill,,,
1932,Reisinger Board-a-Match Teams,1,Waldemar K. von Zedtwitz,,,
1932,Reisinger Board-a-Match Teams,1,0,,,
1932,Reisinger Board-a-Match Teams,1,0,,,
1932,Reisinger Board-a-Match Teams,2,Ely Culbertson,,,
1932,Reisinger Board-a-Match Teams,2,Michael T. Gottlieb,,,
1932,Reisinger Board-a-Match Teams,2,Oswald Jacoby,,,
1932,Reisinger Board-a-Match Teams,2,Theodore A. Lightner,,,
1932,Reisinger Board-a-Match Teams,2,0,,,
1932,Reisinger Board-a-Match Teams,2,0,,,
1931,Reisinger Board-a-Match Teams,1,Cmdr. Winfield Liggett Jr,,,
1931,Reisinger Board-a-Match Teams,1,Elizabeth Banfield,,,
1931,Reisinger Board-a-Match Teams,1,Frances Newman,,,
1931,Reisinger Board-a-Match Teams,1,George Unger,,,
1931,Reisinger Board-a-Match Teams,1,0,,,
1931,Reisinger Board-a-Match Teams,1,0,,,
1931,Reisinger Board-a-Match Teams,2,David Bruce,,,
1931,Reisinger Board-a-Match Teams,2,Oswald Jacoby,,,
1931,Reisinger Board-a-Match Teams,2,P. Hal Sims,,,
1931,Reisinger Board-a-Match Teams,2,Willard S. Karn,,,
1931,Reisinger Board-a-Match Teams,2,0,,,
1931,Reisinger Board-a-Match Teams,2,0,,,
1930,Reisinger Board-a-Match Teams,1,Ely Culbertson,,,
1930,Reisinger Board-a-Match Teams,1,Johnny Rau,,,
1930,Reisinger Board-a-Match Teams,1,W. James Carpenter,,,
1930,Reisinger Board-a-Match Teams,1,William K. Barrett,,,
1930,Reisinger Board-a-Match Teams,1,0,,,
1930,Reisinger Board-a-Match Teams,1,0,,,
1930,Reisinger Board-a-Match Teams,2,Dorothy Rice Sims,,,
1930,Reisinger Board-a-Match Teams,2,Mary Clement,,,
1930,Reisinger Board-a-Match Teams,2,P. Hal Sims,,,
1930,Reisinger Board-a-Match Teams,2,Waldemar K. von Zedtwitz,,,
1930,Reisinger Board-a-Match Teams,2,0,,,
1930,Reisinger Board-a-Match Teams,2,0,,,
1929,Reisinger Board-a-Match Teams,1,Louis J. Haddad,,,
1929,Reisinger Board-a-Match Teams,1,Max M. Cohen,,,
1929,Reisinger Board-a-Match Teams,1,Nils M. Wester,,,
1929,Reisinger Board-a-Match Teams,1,Robert W. Halpin,,,
1929,Reisinger Board-a-Match Teams,1,0,,,
1929,Reisinger Board-a-Match Teams,1,0,,,
1929,Reisinger Board-a-Match Teams,2,Carlton R. Drake,,,
1929,Reisinger Board-a-Match Teams,2,Charles Rilling,,,
1929,Reisinger Board-a-Match Teams,2,James Kelly,,,
1929,Reisinger Board-a-Match Teams,2,Paul D. Parcells,,,
1929,Reisinger Board-a-Match Teams,2,0,,,
1929,Reisinger Board-a-Match Teams,2,0,,,
