2014,Vanderbilt Knockout Teams,1,Nick Nickell,,,
2014,Vanderbilt Knockout Teams,1,Ralph Katz,,,
2014,Vanderbilt Knockout Teams,1,Eric Rodwell,,,
2014,Vanderbilt Knockout Teams,1,Jeff Meckstroth,,,
2014,Vanderbilt Knockout Teams,1,Steve Weinstein,,,
2014,Vanderbilt Knockout Teams,1,Bobby Levin,,,
2014,Vanderbilt Knockout Teams,2,Pierre Zimmermann,,,
2014,Vanderbilt Knockout Teams,2,Franck Multon,,,
2014,Vanderbilt Knockout Teams,2,Geir Helgemo,,,
2014,Vanderbilt Knockout Teams,2,Tor Helness,,,
2014,Vanderbilt Knockout Teams,2,Fulvio Fantoni,,,
2014,Vanderbilt Knockout Teams,2,Claudio Nunes,,,
2013,Vanderbilt Knockout Teams,1,Sabine Auken,,,
2013,Vanderbilt Knockout Teams,1,Roy Welland,,,
2013,Vanderbilt Knockout Teams,1,Morten Bilde,,,
2013,Vanderbilt Knockout Teams,1,Dennis Bilde,,,
2013,Vanderbilt Knockout Teams,1,0,,,
2013,Vanderbilt Knockout Teams,1,0,,,
2013,Vanderbilt Knockout Teams,2,Sojert Brink,,,
2013,Vanderbilt Knockout Teams,2,Daniel Zagorin,,,
2013,Vanderbilt Knockout Teams,2,Louk Verhees,,,
2013,Vanderbilt Knockout Teams,2,Kevin Bathurst,,,
2013,Vanderbilt Knockout Teams,2,Bas Drijver,,,
2013,Vanderbilt Knockout Teams,2,Ricco Van Prooijen,,,
2012,Vanderbilt Knockout Teams,1,Leslie Amoils,,,
2012,Vanderbilt Knockout Teams,1,Curtis Cheek,,,
2012,Vanderbilt Knockout Teams,1,Joe Grue,,,
2012,Vanderbilt Knockout Teams,1,Ishmael Del'Monte,,,
2012,Vanderbilt Knockout Teams,1,Thomas Bessis,,,
2012,Vanderbilt Knockout Teams,1,Darren Wolpert,,,
2012,Vanderbilt Knockout Teams,2,John Diamond,,,
2012,Vanderbilt Knockout Teams,2,Brian Platnick,,,
2012,Vanderbilt Knockout Teams,2,Brad Moss,,,
2012,Vanderbilt Knockout Teams,2,Fred Gitelman,,,
2012,Vanderbilt Knockout Teams,2,Geoff Hampson,,,
2012,Vanderbilt Knockout Teams,2,Eric Greco,,,
2011,Vanderbilt Knockout Teams,1,Lew Stansby,,,
2011,Vanderbilt Knockout Teams,1,Bobby Levin,,,
2011,Vanderbilt Knockout Teams,1,Mike Kamil,,,
2011,Vanderbilt Knockout Teams,1,Chip Martel,,,
2011,Vanderbilt Knockout Teams,1,Steve Weinstein,,,
2011,Vanderbilt Knockout Teams,1,Martin Fleisher,,,
2011,Vanderbilt Knockout Teams,2,Joe Grue,,,
2011,Vanderbilt Knockout Teams,2,Ismael Delmonte,,,
2011,Vanderbilt Knockout Teams,2,David Bakhshi,,,
2011,Vanderbilt Knockout Teams,2,Leslie Amoils,,,
2011,Vanderbilt Knockout Teams,2,Curtis Cheek,,,
2011,Vanderbilt Knockout Teams,2,0,,,
2010,Vanderbilt Knockout Teams,1,Pierre Zimmerman,,,
2010,Vanderbilt Knockout Teams,1,Franck Multon,,,
2010,Vanderbilt Knockout Teams,1,Michel Bessis,,,
2010,Vanderbilt Knockout Teams,1,Thomas Bessis,,,
2010,Vanderbilt Knockout Teams,1,Tor Helness,,,
2010,Vanderbilt Knockout Teams,1,Geir Helgemo,,,
2010,Vanderbilt Knockout Teams,2,Martin Fleisher,,,
2010,Vanderbilt Knockout Teams,2,Lew Stansby,,,
2010,Vanderbilt Knockout Teams,2,Steve Weinstein,,,
2010,Vanderbilt Knockout Teams,2,Michael Kamil,,,
2010,Vanderbilt Knockout Teams,2,Chip Martel,,,
2010,Vanderbilt Knockout Teams,2,Bobby Levin,,,
2009,Vanderbilt Knockout Teams,1,Bobby Levin,,,
2009,Vanderbilt Knockout Teams,1,George Jacobs,,,
2009,Vanderbilt Knockout Teams,1,Ralph Katz,,,
2009,Vanderbilt Knockout Teams,1,Steve Weinstein,,,
2009,Vanderbilt Knockout Teams,1,Tarek Sadek,,,
2009,Vanderbilt Knockout Teams,1,Walid Elahmady,,,
2009,Vanderbilt Knockout Teams,2,Brad Moss,,,
2009,Vanderbilt Knockout Teams,2,Brian Platnick,,,
2009,Vanderbilt Knockout Teams,2,Eric Greco,,,
2009,Vanderbilt Knockout Teams,2,Fred Gitelman,,,
2009,Vanderbilt Knockout Teams,2,Geoff Hampson,,,
2009,Vanderbilt Knockout Teams,2,John Diamond,,,
2008,Vanderbilt Knockout Teams,1,Boguslaw Gierulski,,,
2008,Vanderbilt Knockout Teams,1,Jerzy Skrzypczak,,,
2008,Vanderbilt Knockout Teams,1,Krzysztof Jassem,,,
2008,Vanderbilt Knockout Teams,1,Krzysztof Martens,,,
2008,Vanderbilt Knockout Teams,1,0,,,
2008,Vanderbilt Knockout Teams,1,0,,,
2008,Vanderbilt Knockout Teams,2,Jan Jansma,,,
2008,Vanderbilt Knockout Teams,2,Louk Verhees,,,
2008,Vanderbilt Knockout Teams,2,Marcin Lesniewski,,,
2008,Vanderbilt Knockout Teams,2,Peter Weichsel,,,
2008,Vanderbilt Knockout Teams,2,Ron Rubin,,,
2008,Vanderbilt Knockout Teams,2,Russ Ekeblad,,,
2007,Vanderbilt Knockout Teams,1,Adam Zmudzinski,,,
2007,Vanderbilt Knockout Teams,1,Antonio Sementa,,,
2007,Vanderbilt Knockout Teams,1,Bjorn Fallenius,,,
2007,Vanderbilt Knockout Teams,1,Cezary Balicki,,,
2007,Vanderbilt Knockout Teams,1,Christal Henner-Welland,,,
2007,Vanderbilt Knockout Teams,1,Roy Welland,,,
2007,Vanderbilt Knockout Teams,2,Eric Greco,,,
2007,Vanderbilt Knockout Teams,2,Geoff Hampson,,,
2007,Vanderbilt Knockout Teams,2,Giorgio Duboin,,,
2007,Vanderbilt Knockout Teams,2,Lou Ann O'Rourke,,,
2007,Vanderbilt Knockout Teams,2,Marc Jacobus,,,
2007,Vanderbilt Knockout Teams,2,Norberto Bocchi,,,
2006,Vanderbilt Knockout Teams,1,Fred Chang,,,
2006,Vanderbilt Knockout Teams,1,Fu Zhong,,,
2006,Vanderbilt Knockout Teams,1,Gunnar Hallberg,,,
2006,Vanderbilt Knockout Teams,1,Jack Zhao,,,
2006,Vanderbilt Knockout Teams,1,Seymon Deutsch,,,
2006,Vanderbilt Knockout Teams,1,0,,,
2006,Vanderbilt Knockout Teams,2,Adam Zmudzinski,,,
2006,Vanderbilt Knockout Teams,2,Bjorn Fallenius,,,
2006,Vanderbilt Knockout Teams,2,Cezary Balicki,,,
2006,Vanderbilt Knockout Teams,2,Chip Martel,,,
2006,Vanderbilt Knockout Teams,2,Lew Stansby,,,
2006,Vanderbilt Knockout Teams,2,Roy Welland,,,
2005,Vanderbilt Knockout Teams,1,Andrea Buratti,,,
2005,Vanderbilt Knockout Teams,1,David Berkowitz,,,
2005,Vanderbilt Knockout Teams,1,Larry N. Cohen,,,
2005,Vanderbilt Knockout Teams,1,Massimo Lanzarotti,,,
2005,Vanderbilt Knockout Teams,1,Mike Becker,,,
2005,Vanderbilt Knockout Teams,1,Richard Schwartz,,,
2005,Vanderbilt Knockout Teams,2,Chris Compton,,,
2005,Vanderbilt Knockout Teams,2,Drew Casen,,,
2005,Vanderbilt Knockout Teams,2,Jim Krekorian,,,
2005,Vanderbilt Knockout Teams,2,Jim Robison,,,
2005,Vanderbilt Knockout Teams,2,John Onstott,,,
2005,Vanderbilt Knockout Teams,2,Samuel Cohen,,,
2004,Vanderbilt Knockout Teams,1,Alfredo Versace,,,
2004,Vanderbilt Knockout Teams,1,George Jacobs,,,
2004,Vanderbilt Knockout Teams,1,Giorgio Duboin,,,
2004,Vanderbilt Knockout Teams,1,Lorenzo Lauria,,,
2004,Vanderbilt Knockout Teams,1,Norberto Bocchi,,,
2004,Vanderbilt Knockout Teams,1,Ralph Katz,,,
2004,Vanderbilt Knockout Teams,2,Andrea Buratti,,,
2004,Vanderbilt Knockout Teams,2,David Berkowitz,,,
2004,Vanderbilt Knockout Teams,2,Larry N. Cohen,,,
2004,Vanderbilt Knockout Teams,2,Massimo Lanzarotti,,,
2004,Vanderbilt Knockout Teams,2,Mike Becker,,,
2004,Vanderbilt Knockout Teams,2,Richard Schwartz,,,
2003,Vanderbilt Knockout Teams,1,Bob Hamman,,,
2003,Vanderbilt Knockout Teams,1,Eric Rodwell,,,
2003,Vanderbilt Knockout Teams,1,Jeff Meckstroth,,,
2003,Vanderbilt Knockout Teams,1,Nick Nickell,,,
2003,Vanderbilt Knockout Teams,1,Paul Soloway,,,
2003,Vanderbilt Knockout Teams,1,0,,,
2003,Vanderbilt Knockout Teams,2,Barnet Shenkin,,,
2003,Vanderbilt Knockout Teams,2,Bob Jones,,,
2003,Vanderbilt Knockout Teams,2,Lee Rautenberg,,,
2003,Vanderbilt Knockout Teams,2,Martin Fleisher,,,
2003,Vanderbilt Knockout Teams,2,Michael Kamil,,,
2003,Vanderbilt Knockout Teams,2,Richard Pavlicek,,,
2002,Vanderbilt Knockout Teams,1,Jacek Pszczola,,,
2002,Vanderbilt Knockout Teams,1,John Mohan,,,
2002,Vanderbilt Knockout Teams,1,Marc Jacobus,,,
2002,Vanderbilt Knockout Teams,1,Reese Milner,,,
2002,Vanderbilt Knockout Teams,1,Sam Lev,,,
2002,Vanderbilt Knockout Teams,1,0,,,
2002,Vanderbilt Knockout Teams,2,Bob Hamman,,,
2002,Vanderbilt Knockout Teams,2,Eric Rodwell,,,
2002,Vanderbilt Knockout Teams,2,Jeff Meckstroth,,,
2002,Vanderbilt Knockout Teams,2,Nick Nickell,,,
2002,Vanderbilt Knockout Teams,2,Paul Soloway,,,
2002,Vanderbilt Knockout Teams,2,Richard Freeman,,,
2001,Vanderbilt Knockout Teams,1,Adam Zmudzinski,,,
2001,Vanderbilt Knockout Teams,1,Aleksander Petrunin,,,
2001,Vanderbilt Knockout Teams,1,Andrew Gromov,,,
2001,Vanderbilt Knockout Teams,1,Cezary Balicki,,,
2001,Vanderbilt Knockout Teams,1,0,,,
2001,Vanderbilt Knockout Teams,1,0,,,
2001,Vanderbilt Knockout Teams,2,George Rosenkranz,,,
2001,Vanderbilt Knockout Teams,2,Jacek Pszczola,,,
2001,Vanderbilt Knockout Teams,2,John Mohan,,,
2001,Vanderbilt Knockout Teams,2,Piotr Gawrys,,,
2001,Vanderbilt Knockout Teams,2,Sam Lev,,,
2001,Vanderbilt Knockout Teams,2,0,,,
2000,Vanderbilt Knockout Teams,1,Bob Hamman,,,
2000,Vanderbilt Knockout Teams,1,Eric Rodwell,,,
2000,Vanderbilt Knockout Teams,1,Jeff Meckstroth,,,
2000,Vanderbilt Knockout Teams,1,Nick Nickell,,,
2000,Vanderbilt Knockout Teams,1,Paul Soloway,,,
2000,Vanderbilt Knockout Teams,1,Richard Freeman,,,
2000,Vanderbilt Knockout Teams,2,Bobby Levin,,,
2000,Vanderbilt Knockout Teams,2,Drew Casen,,,
2000,Vanderbilt Knockout Teams,2,Michael Rosenberg,,,
2000,Vanderbilt Knockout Teams,2,Richard Schwartz,,,
2000,Vanderbilt Knockout Teams,2,Steve Weinstein,,,
2000,Vanderbilt Knockout Teams,2,Zia Mahmood,,,
1999,Vanderbilt Knockout Teams,1,Alan Sontag,,,
1999,Vanderbilt Knockout Teams,1,Alfredo Versace,,,
1999,Vanderbilt Knockout Teams,1,George Jacobs,,,
1999,Vanderbilt Knockout Teams,1,Lorenzo Lauria,,,
1999,Vanderbilt Knockout Teams,1,Peter Weichsel,,,
1999,Vanderbilt Knockout Teams,1,Ralph Katz,,,
1999,Vanderbilt Knockout Teams,2,Fred Stewart,,,
1999,Vanderbilt Knockout Teams,2,Kit Woolsey,,,
1999,Vanderbilt Knockout Teams,2,Michael Kamil,,,
1999,Vanderbilt Knockout Teams,2,Mike Becker,,,
1999,Vanderbilt Knockout Teams,2,Peter Boyd,,,
1999,Vanderbilt Knockout Teams,2,Steve Robinson,,,
1998,Vanderbilt Knockout Teams,1,Bobby Goldman,,,
1998,Vanderbilt Knockout Teams,1,Chip Martel,,,
1998,Vanderbilt Knockout Teams,1,Lew Stansby,,,
1998,Vanderbilt Knockout Teams,1,Mark Lair,,,
1998,Vanderbilt Knockout Teams,1,Paul Soloway,,,
1998,Vanderbilt Knockout Teams,1,Richard Schwartz,,,
1998,Vanderbilt Knockout Teams,2,Chuck Burger,,,
1998,Vanderbilt Knockout Teams,2,David Berkowitz,,,
1998,Vanderbilt Knockout Teams,2,Jimmy Cayne,,,
1998,Vanderbilt Knockout Teams,2,Larry N. Cohen,,,
1998,Vanderbilt Knockout Teams,2,Michael Seamon,,,
1998,Vanderbilt Knockout Teams,2,Mike Passell,,,
1997,Vanderbilt Knockout Teams,1,Bobby Goldman,,,
1997,Vanderbilt Knockout Teams,1,Mark Lair,,,
1997,Vanderbilt Knockout Teams,1,Paul Soloway,,,
1997,Vanderbilt Knockout Teams,1,Peter Boyd,,,
1997,Vanderbilt Knockout Teams,1,Richard Schwartz,,,
1997,Vanderbilt Knockout Teams,1,Steve Robinson,,,
1997,Vanderbilt Knockout Teams,2,Alan Sontag,,,
1997,Vanderbilt Knockout Teams,2,Chuck Burger,,,
1997,Vanderbilt Knockout Teams,2,Jimmy Cayne,,,
1997,Vanderbilt Knockout Teams,2,Mark Feldman,,,
1997,Vanderbilt Knockout Teams,2,Michael Seamon,,,
1997,Vanderbilt Knockout Teams,2,Mike Passell,,,
1996,Vanderbilt Knockout Teams,1,Chip Martel,,,
1996,Vanderbilt Knockout Teams,1,Lew Stansby,,,
1996,Vanderbilt Knockout Teams,1,Michael Rosenberg,,,
1996,Vanderbilt Knockout Teams,1,Seymon Deutsch,,,
1996,Vanderbilt Knockout Teams,1,Zia Mahmood,,,
1996,Vanderbilt Knockout Teams,1,0,,,
1996,Vanderbilt Knockout Teams,2,Bob Hamman,,,
1996,Vanderbilt Knockout Teams,2,Bobby Wolff,,,
1996,Vanderbilt Knockout Teams,2,Eric Rodwell,,,
1996,Vanderbilt Knockout Teams,2,Jeff Meckstroth,,,
1996,Vanderbilt Knockout Teams,2,Nick Nickell,,,
1996,Vanderbilt Knockout Teams,2,Richard Freeman,,,
1995,Vanderbilt Knockout Teams,1,Bill Root,,,
1995,Vanderbilt Knockout Teams,1,Marc Jacobus,,,
1995,Vanderbilt Knockout Teams,1,Michael Polowan,,,
1995,Vanderbilt Knockout Teams,1,Richard Pavlicek,,,
1995,Vanderbilt Knockout Teams,1,0,,,
1995,Vanderbilt Knockout Teams,1,0,,,
1995,Vanderbilt Knockout Teams,2,George Steiner,,,
1995,Vanderbilt Knockout Teams,2,Joey Silver,,,
1995,Vanderbilt Knockout Teams,2,Michael Kamil,,,
1995,Vanderbilt Knockout Teams,2,Ron Gerard,,,
1995,Vanderbilt Knockout Teams,2,0,,,
1995,Vanderbilt Knockout Teams,2,0,,,
1994,Vanderbilt Knockout Teams,1,Chip Martel,,,
1994,Vanderbilt Knockout Teams,1,Gaylor Kasle,,,
1994,Vanderbilt Knockout Teams,1,Lew Stansby,,,
1994,Vanderbilt Knockout Teams,1,Michael Rosenberg,,,
1994,Vanderbilt Knockout Teams,1,Seymon Deutsch,,,
1994,Vanderbilt Knockout Teams,1,Zia Mahmood,,,
1994,Vanderbilt Knockout Teams,2,Edgar Kaplan,,,
1994,Vanderbilt Knockout Teams,2,George Steiner,,,
1994,Vanderbilt Knockout Teams,2,Norman Kay,,,
1994,Vanderbilt Knockout Teams,2,Ron Gerard,,,
1994,Vanderbilt Knockout Teams,2,Sidney H. Lazard,,,
1994,Vanderbilt Knockout Teams,2,0,,,
1993,Vanderbilt Knockout Teams,1,Dan Morse,,,
1993,Vanderbilt Knockout Teams,1,Howard Weinstein,,,
1993,Vanderbilt Knockout Teams,1,John Sutherlin,,,
1993,Vanderbilt Knockout Teams,1,Peter Nagy,,,
1993,Vanderbilt Knockout Teams,1,Russ Arnold,,,
1993,Vanderbilt Knockout Teams,1,Thomas K. Sanders,,,
1993,Vanderbilt Knockout Teams,2,Bjorn Fallenius,,,
1993,Vanderbilt Knockout Teams,2,Cliff Russell,,,
1993,Vanderbilt Knockout Teams,2,David Berkowitz,,,
1993,Vanderbilt Knockout Teams,2,Larry N. Cohen,,,
1993,Vanderbilt Knockout Teams,2,Mats Nilsland,,,
1993,Vanderbilt Knockout Teams,2,Sam Lev,,,
1992,Vanderbilt Knockout Teams,1,Andy Goodman,,,
1992,Vanderbilt Knockout Teams,1,John Mohan,,,
1992,Vanderbilt Knockout Teams,1,John Schermer,,,
1992,Vanderbilt Knockout Teams,1,Neil Chambers,,,
1992,Vanderbilt Knockout Teams,1,Roger Bates,,,
1992,Vanderbilt Knockout Teams,1,0,,,
1992,Vanderbilt Knockout Teams,2,Chip Martel,,,
1992,Vanderbilt Knockout Teams,2,Kit Woolsey,,,
1992,Vanderbilt Knockout Teams,2,Lew Stansby,,,
1992,Vanderbilt Knockout Teams,2,Neil Silverman,,,
1992,Vanderbilt Knockout Teams,2,Peter Boyd,,,
1992,Vanderbilt Knockout Teams,2,Steve Robinson,,,
1991,Vanderbilt Knockout Teams,1,Ed Manfield,,,
1991,Vanderbilt Knockout Teams,1,Kit Woolsey,,,
1991,Vanderbilt Knockout Teams,1,Peter Boyd,,,
1991,Vanderbilt Knockout Teams,1,Steve Robinson,,,
1991,Vanderbilt Knockout Teams,1,0,,,
1991,Vanderbilt Knockout Teams,1,0,,,
1991,Vanderbilt Knockout Teams,2,Eric Rodwell,,,
1991,Vanderbilt Knockout Teams,2,Jeff Meckstroth,,,
1991,Vanderbilt Knockout Teams,2,Michael Rosenberg,,,
1991,Vanderbilt Knockout Teams,2,Seymon Deutsch,,,
1991,Vanderbilt Knockout Teams,2,Zia Mahmood,,,
1991,Vanderbilt Knockout Teams,2,0,,,
1990,Vanderbilt Knockout Teams,1,Bill Pollack,,,
1990,Vanderbilt Knockout Teams,1,Dan Morse,,,
1990,Vanderbilt Knockout Teams,1,John Sutherlin,,,
1990,Vanderbilt Knockout Teams,1,Michael Kamil,,,
1990,Vanderbilt Knockout Teams,1,Ron Gerard,,,
1990,Vanderbilt Knockout Teams,1,Thomas K. Sanders,,,
1990,Vanderbilt Knockout Teams,2,David Berkowitz,,,
1990,Vanderbilt Knockout Teams,2,Larry N. Cohen,,,
1990,Vanderbilt Knockout Teams,2,Marty Bergen,,,
1990,Vanderbilt Knockout Teams,2,Michael Rosenberg,,,
1990,Vanderbilt Knockout Teams,2,Seymon Deutsch,,,
1990,Vanderbilt Knockout Teams,2,Zia Mahmood,,,
1989,Vanderbilt Knockout Teams,1,Bart Bramley,,,
1989,Vanderbilt Knockout Teams,1,Bobby Levin,,,
1989,Vanderbilt Knockout Teams,1,Lou Bluhm,,,
1989,Vanderbilt Knockout Teams,1,Mike Becker,,,
1989,Vanderbilt Knockout Teams,1,Peter Weichsel,,,
1989,Vanderbilt Knockout Teams,1,Ron Rubin,,,
1989,Vanderbilt Knockout Teams,2,Alan Sontag,,,
1989,Vanderbilt Knockout Teams,2,Billy Eisenberg,,,
1989,Vanderbilt Knockout Teams,2,Cliff Russell,,,
1989,Vanderbilt Knockout Teams,2,Dan Rotman,,,
1989,Vanderbilt Knockout Teams,2,Eddie Kantar,,,
1989,Vanderbilt Knockout Teams,2,Larry Cohen,,,
1988,Vanderbilt Knockout Teams,1,Alan Sontag,,,
1988,Vanderbilt Knockout Teams,1,Eddie Kantar,,,
1988,Vanderbilt Knockout Teams,1,John Mohan,,,
1988,Vanderbilt Knockout Teams,1,Roger Bates,,,
1988,Vanderbilt Knockout Teams,1,0,,,
1988,Vanderbilt Knockout Teams,1,0,,,
1988,Vanderbilt Knockout Teams,2,Billy Cohen,,,
1988,Vanderbilt Knockout Teams,2,David Berkowitz,,,
1988,Vanderbilt Knockout Teams,2,Ron Smith,,,
1988,Vanderbilt Knockout Teams,2,Zia Mahmood,,,
1988,Vanderbilt Knockout Teams,2,0,,,
1988,Vanderbilt Knockout Teams,2,0,,,
1987,Vanderbilt Knockout Teams,1,Chip Martel,,,
1987,Vanderbilt Knockout Teams,1,Hugh Ross,,,
1987,Vanderbilt Knockout Teams,1,Lew Stansby,,,
1987,Vanderbilt Knockout Teams,1,Peter A. Pender,,,
1987,Vanderbilt Knockout Teams,1,Peter Boyd,,,
1987,Vanderbilt Knockout Teams,1,Steve Robinson,,,
1987,Vanderbilt Knockout Teams,2,Drew Casen,,,
1987,Vanderbilt Knockout Teams,2,Howard Chandross,,,
1987,Vanderbilt Knockout Teams,2,Jack Schwencke,,,
1987,Vanderbilt Knockout Teams,2,Jim Becker,,,
1987,Vanderbilt Knockout Teams,2,Jim Krekorian,,,
1987,Vanderbilt Knockout Teams,2,0,,,
1986,Vanderbilt Knockout Teams,1,Bill Root,,,
1986,Vanderbilt Knockout Teams,1,Edgar Kaplan,,,
1986,Vanderbilt Knockout Teams,1,Norman Kay,,,
1986,Vanderbilt Knockout Teams,1,Richard Pavlicek,,,
1986,Vanderbilt Knockout Teams,1,0,,,
1986,Vanderbilt Knockout Teams,1,0,,,
1986,Vanderbilt Knockout Teams,2,Bart Bramley,,,
1986,Vanderbilt Knockout Teams,2,Chris Compton,,,
1986,Vanderbilt Knockout Teams,2,Ira Chorush,,,
1986,Vanderbilt Knockout Teams,2,Jim Whitaker,,,
1986,Vanderbilt Knockout Teams,2,Lou Bluhm,,,
1986,Vanderbilt Knockout Teams,2,0,,,
1985,Vanderbilt Knockout Teams,1,Eric Rodwell,,,
1985,Vanderbilt Knockout Teams,1,Jeff Meckstroth,,,
1985,Vanderbilt Knockout Teams,1,Mike Becker,,,
1985,Vanderbilt Knockout Teams,1,Mike Lawrence,,,
1985,Vanderbilt Knockout Teams,1,Peter Weichsel,,,
1985,Vanderbilt Knockout Teams,1,Ron Rubin,,,
1985,Vanderbilt Knockout Teams,2,Barry Crane,,,
1985,Vanderbilt Knockout Teams,2,Bobby Nail,,,
1985,Vanderbilt Knockout Teams,2,Dan Morse,,,
1985,Vanderbilt Knockout Teams,2,Ira Chorush,,,
1985,Vanderbilt Knockout Teams,2,John Sutherlin,,,
1985,Vanderbilt Knockout Teams,2,Thomas K. Sanders,,,
1984,Vanderbilt Knockout Teams,1,Chip Martel,,,
1984,Vanderbilt Knockout Teams,1,Hugh Ross,,,
1984,Vanderbilt Knockout Teams,1,Lew Stansby,,,
1984,Vanderbilt Knockout Teams,1,Peter A. Pender,,,
1984,Vanderbilt Knockout Teams,1,0,,,
1984,Vanderbilt Knockout Teams,1,0,,,
1984,Vanderbilt Knockout Teams,2,Bobby Levin,,,
1984,Vanderbilt Knockout Teams,2,Cliff Russell,,,
1984,Vanderbilt Knockout Teams,2,Curtis K. Smith,,,
1984,Vanderbilt Knockout Teams,2,David Berkowitz,,,
1984,Vanderbilt Knockout Teams,2,Harold Lilie,,,
1984,Vanderbilt Knockout Teams,2,Peter Nagy,,,
1983,Vanderbilt Knockout Teams,1,Bill Root,,,
1983,Vanderbilt Knockout Teams,1,Edgar Kaplan,,,
1983,Vanderbilt Knockout Teams,1,Norman Kay,,,
1983,Vanderbilt Knockout Teams,1,Richard Pavlicek,,,
1983,Vanderbilt Knockout Teams,1,0,,,
1983,Vanderbilt Knockout Teams,1,0,,,
1983,Vanderbilt Knockout Teams,2,Alan Sontag,,,
1983,Vanderbilt Knockout Teams,2,Billy Eisenberg,,,
1983,Vanderbilt Knockout Teams,2,Eddie Kantar,,,
1983,Vanderbilt Knockout Teams,2,Fred Hamilton,,,
1983,Vanderbilt Knockout Teams,2,Jimmy Cayne,,,
1983,Vanderbilt Knockout Teams,2,0,,,
1982,Vanderbilt Knockout Teams,1,Eddie Wold,,,
1982,Vanderbilt Knockout Teams,1,Eric Rodwell,,,
1982,Vanderbilt Knockout Teams,1,George Rosenkranz,,,
1982,Vanderbilt Knockout Teams,1,Jeff Meckstroth,,,
1982,Vanderbilt Knockout Teams,1,Jim Jacoby,,,
1982,Vanderbilt Knockout Teams,1,Mike Passell,,,
1982,Vanderbilt Knockout Teams,2,Jerry Goldfein,,,
1982,Vanderbilt Knockout Teams,2,Luella Slaner,,,
1982,Vanderbilt Knockout Teams,2,Mark Cohen,,,
1982,Vanderbilt Knockout Teams,2,Marty Bergen,,,
1982,Vanderbilt Knockout Teams,2,Warren Rosner,,,
1982,Vanderbilt Knockout Teams,2,0,,,
1981,Vanderbilt Knockout Teams,1,B. Jay Becker,,,
1981,Vanderbilt Knockout Teams,1,Edgar Kaplan,,,
1981,Vanderbilt Knockout Teams,1,Mike Becker,,,
1981,Vanderbilt Knockout Teams,1,Norman Kay,,,
1981,Vanderbilt Knockout Teams,1,Ron Rubin,,,
1981,Vanderbilt Knockout Teams,1,0,,,
1981,Vanderbilt Knockout Teams,2,Alan Sontag,,,
1981,Vanderbilt Knockout Teams,2,Bob Hamman,,,
1981,Vanderbilt Knockout Teams,2,Bobby Wolff,,,
1981,Vanderbilt Knockout Teams,2,Fred Hamilton,,,
1981,Vanderbilt Knockout Teams,2,Ira Rubin,,,
1981,Vanderbilt Knockout Teams,2,Peter Weichsel,,,
1980,Vanderbilt Knockout Teams,1,Bobby Levin,,,
1980,Vanderbilt Knockout Teams,1,Bud Reinhold,,,
1980,Vanderbilt Knockout Teams,1,Eric Rodwell,,,
1980,Vanderbilt Knockout Teams,1,Jeff Meckstroth,,,
1980,Vanderbilt Knockout Teams,1,Russ Arnold,,,
1980,Vanderbilt Knockout Teams,1,0,,,
1980,Vanderbilt Knockout Teams,2,Eric Kokish,,,
1980,Vanderbilt Knockout Teams,2,Mark Feldman,,,
1980,Vanderbilt Knockout Teams,2,Peter Nagy,,,
1980,Vanderbilt Knockout Teams,2,Ron Andersen,,,
1980,Vanderbilt Knockout Teams,2,0,,,
1980,Vanderbilt Knockout Teams,2,0,,,
1979,Vanderbilt Knockout Teams,1,Cliff Russell,,,
1979,Vanderbilt Knockout Teams,1,Eddie Wold,,,
1979,Vanderbilt Knockout Teams,1,Lou Bluhm,,,
1979,Vanderbilt Knockout Teams,1,Mark Lair,,,
1979,Vanderbilt Knockout Teams,1,Richard Freeman,,,
1979,Vanderbilt Knockout Teams,1,Thomas K. Sanders,,,
1979,Vanderbilt Knockout Teams,2,David Berkowitz,,,
1979,Vanderbilt Knockout Teams,2,Jeff Meckstroth,,,
1979,Vanderbilt Knockout Teams,2,Judi Radin,,,
1979,Vanderbilt Knockout Teams,2,Kathie Wei,,,
1979,Vanderbilt Knockout Teams,2,Ron Andersen,,,
1979,Vanderbilt Knockout Teams,2,0,,,
1978,Vanderbilt Knockout Teams,1,Billy Eisenberg,,,
1978,Vanderbilt Knockout Teams,1,Bobby Goldman,,,
1978,Vanderbilt Knockout Teams,1,Eddie Kantar,,,
1978,Vanderbilt Knockout Teams,1,Malcolm Brachman,,,
1978,Vanderbilt Knockout Teams,1,Mike Passell,,,
1978,Vanderbilt Knockout Teams,1,Paul Soloway,,,
1978,Vanderbilt Knockout Teams,2,George Rosenkranz,,,
1978,Vanderbilt Knockout Teams,2,Lou Bluhm,,,
1978,Vanderbilt Knockout Teams,2,Mike Becker,,,
1978,Vanderbilt Knockout Teams,2,Ron Rubin,,,
1978,Vanderbilt Knockout Teams,2,Thomas K. Sanders,,,
1978,Vanderbilt Knockout Teams,2,0,,,
1977,Vanderbilt Knockout Teams,1,Fred Hamilton,,,
1977,Vanderbilt Knockout Teams,1,John Swanson,,,
1977,Vanderbilt Knockout Teams,1,Mark Blumenthal,,,
1977,Vanderbilt Knockout Teams,1,Mike Becker,,,
1977,Vanderbilt Knockout Teams,1,Mike Lawrence,,,
1977,Vanderbilt Knockout Teams,1,Ron Rubin,,,
1977,Vanderbilt Knockout Teams,2,Gerald Caravelli,,,
1977,Vanderbilt Knockout Teams,2,Hugh C. MacLean,,,
1977,Vanderbilt Knockout Teams,2,Kathie Wei,,,
1977,Vanderbilt Knockout Teams,2,Milton Rosenberg,,,
1977,Vanderbilt Knockout Teams,2,Ron Andersen,,,
1977,Vanderbilt Knockout Teams,2,0,,,
1976,Vanderbilt Knockout Teams,1,Dr. Richard H. Katz,,,
1976,Vanderbilt Knockout Teams,1,George Rosenkranz,,,
1976,Vanderbilt Knockout Teams,1,John Mohan,,,
1976,Vanderbilt Knockout Teams,1,Larry Cohen,,,
1976,Vanderbilt Knockout Teams,1,Roger Bates,,,
1976,Vanderbilt Knockout Teams,1,0,,,
1976,Vanderbilt Knockout Teams,2,Billy Eisenberg,,,
1976,Vanderbilt Knockout Teams,2,Bobby Goldman,,,
1976,Vanderbilt Knockout Teams,2,Eddie Kantar,,,
1976,Vanderbilt Knockout Teams,2,Malcolm Brachman,,,
1976,Vanderbilt Knockout Teams,2,Mike Passell,,,
1976,Vanderbilt Knockout Teams,2,Paul Soloway,,,
1975,Vanderbilt Knockout Teams,1,Dr. Richard H. Katz,,,
1975,Vanderbilt Knockout Teams,1,George Rosenkranz,,,
1975,Vanderbilt Knockout Teams,1,John Mohan,,,
1975,Vanderbilt Knockout Teams,1,Larry Cohen,,,
1975,Vanderbilt Knockout Teams,1,Roger Bates,,,
1975,Vanderbilt Knockout Teams,1,0,,,
1975,Vanderbilt Knockout Teams,2,Alan Sontag,,,
1975,Vanderbilt Knockout Teams,2,Alvin Roth,,,
1975,Vanderbilt Knockout Teams,2,Cliff Russell,,,
1975,Vanderbilt Knockout Teams,2,Peter Weichsel,,,
1975,Vanderbilt Knockout Teams,2,Richard Freeman,,,
1975,Vanderbilt Knockout Teams,2,Stanley Tomchin,,,
1974,Vanderbilt Knockout Teams,1,David M. Crossley,,,
1974,Vanderbilt Knockout Teams,1,Eric Kokish,,,
1974,Vanderbilt Knockout Teams,1,Joey Silver,,,
1974,Vanderbilt Knockout Teams,1,Robert E. Crossley,,,
1974,Vanderbilt Knockout Teams,1,0,,,
1974,Vanderbilt Knockout Teams,1,0,,,
1974,Vanderbilt Knockout Teams,2,Kathie Wei,,,
1974,Vanderbilt Knockout Teams,2,Mark Feldman,,,
1974,Vanderbilt Knockout Teams,2,Merle Tom,,,
1974,Vanderbilt Knockout Teams,2,Ron Andersen,,,
1974,Vanderbilt Knockout Teams,2,Stephen Goldstein,,,
1974,Vanderbilt Knockout Teams,2,0,,,
1973,Vanderbilt Knockout Teams,1,Bob Hamman,,,
1973,Vanderbilt Knockout Teams,1,Bobby Goldman,,,
1973,Vanderbilt Knockout Teams,1,Bobby Wolff,,,
1973,Vanderbilt Knockout Teams,1,Mark Blumenthal,,,
1973,Vanderbilt Knockout Teams,1,Mike Lawrence,,,
1973,Vanderbilt Knockout Teams,1,0,,,
1973,Vanderbilt Knockout Teams,2,Billy Eisenberg,,,
1973,Vanderbilt Knockout Teams,2,Bud Reinhold,,,
1973,Vanderbilt Knockout Teams,2,Dr. Richard H. Katz,,,
1973,Vanderbilt Knockout Teams,2,Eddie Kantar,,,
1973,Vanderbilt Knockout Teams,2,Larry Cohen,,,
1973,Vanderbilt Knockout Teams,2,0,,,
1972,Vanderbilt Knockout Teams,1,Alan Sontag,,,
1972,Vanderbilt Knockout Teams,1,Eugene Neiger,,,
1972,Vanderbilt Knockout Teams,1,Joel Stuart,,,
1972,Vanderbilt Knockout Teams,1,Peter Weichsel,,,
1972,Vanderbilt Knockout Teams,1,Steve Altman,,,
1972,Vanderbilt Knockout Teams,1,Thomas Smith,,,
1972,Vanderbilt Knockout Teams,2,Fred Hamilton,,,
1972,Vanderbilt Knockout Teams,2,Howard Perlman,,,
1972,Vanderbilt Knockout Teams,2,Jack Blair,,,
1972,Vanderbilt Knockout Teams,2,Paul Soloway,,,
1972,Vanderbilt Knockout Teams,2,0,,,
1972,Vanderbilt Knockout Teams,2,0,,,
1971,Vanderbilt Knockout Teams,1,Billy Eisenberg,,,
1971,Vanderbilt Knockout Teams,1,Bob Hamman,,,
1971,Vanderbilt Knockout Teams,1,Bobby Goldman,,,
1971,Vanderbilt Knockout Teams,1,Bobby Wolff,,,
1971,Vanderbilt Knockout Teams,1,Jim Jacoby,,,
1971,Vanderbilt Knockout Teams,1,Mike Lawrence,,,
1971,Vanderbilt Knockout Teams,2,Chuck Burger,,,
1971,Vanderbilt Knockout Teams,2,Eddie Kantar,,,
1971,Vanderbilt Knockout Teams,2,Ira Rubin,,,
1971,Vanderbilt Knockout Teams,2,Kyle Larsen,,,
1971,Vanderbilt Knockout Teams,2,Paul Soloway,,,
1971,Vanderbilt Knockout Teams,2,Ron Von der Porten,,,
1970,Vanderbilt Knockout Teams,1,Edgar Kaplan,,,
1970,Vanderbilt Knockout Teams,1,Eric R. Murray,,,
1970,Vanderbilt Knockout Teams,1,George Rapee,,,
1970,Vanderbilt Knockout Teams,1,Norman Kay,,,
1970,Vanderbilt Knockout Teams,1,Sami R. Kehela,,,
1970,Vanderbilt Knockout Teams,1,Sidney H. Lazard,,,
1970,Vanderbilt Knockout Teams,2,Billy Eisenberg,,,
1970,Vanderbilt Knockout Teams,2,Bob Hamman,,,
1970,Vanderbilt Knockout Teams,2,Bobby Goldman,,,
1970,Vanderbilt Knockout Teams,2,Bobby Wolff,,,
1970,Vanderbilt Knockout Teams,2,Jim Jacoby,,,
1970,Vanderbilt Knockout Teams,2,Mike Lawrence,,,
1969,Vanderbilt Knockout Teams,1,Gerard Hallee,,,
1969,Vanderbilt Knockout Teams,1,John Swanson,,,
1969,Vanderbilt Knockout Teams,1,Paul Soloway,,,
1969,Vanderbilt Knockout Teams,1,Richard Walsh,,,
1969,Vanderbilt Knockout Teams,1,0,,,
1969,Vanderbilt Knockout Teams,1,0,,,
1969,Vanderbilt Knockout Teams,2,Ira Rubin,,,
1969,Vanderbilt Knockout Teams,2,Jeff Westheimer,,,
1969,Vanderbilt Knockout Teams,2,Phil Feldesman,,,
1969,Vanderbilt Knockout Teams,2,Samuel M. Stayman,,,
1969,Vanderbilt Knockout Teams,2,Tobias Stone,,,
1969,Vanderbilt Knockout Teams,2,Victor Mitchell,,,
1968,Vanderbilt Knockout Teams,1,Alvin Roth,,,
1968,Vanderbilt Knockout Teams,1,Arthur G. Robinson,,,
1968,Vanderbilt Knockout Teams,1,Bill Root,,,
1968,Vanderbilt Knockout Teams,1,Edgar Kaplan,,,
1968,Vanderbilt Knockout Teams,1,Norman Kay,,,
1968,Vanderbilt Knockout Teams,1,Robert F. Jordan,,,
1968,Vanderbilt Knockout Teams,2,Bob Hamman,,,
1968,Vanderbilt Knockout Teams,2,Eddie Kantar,,,
1968,Vanderbilt Knockout Teams,2,Ira Rubin,,,
1968,Vanderbilt Knockout Teams,2,Jeff Westheimer,,,
1968,Vanderbilt Knockout Teams,2,0,,,
1968,Vanderbilt Knockout Teams,2,0,,,
1967,Vanderbilt Knockout Teams,1,Bobby Nail,,,
1967,Vanderbilt Knockout Teams,1,Jim Jacoby,,,
1967,Vanderbilt Knockout Teams,1,Lew Stansby,,,
1967,Vanderbilt Knockout Teams,1,Lewis L. Mathe,,,
1967,Vanderbilt Knockout Teams,1,Mike Lawrence,,,
1967,Vanderbilt Knockout Teams,1,Ron Von der Porten,,,
1967,Vanderbilt Knockout Teams,2,George Rapee,,,
1967,Vanderbilt Knockout Teams,2,Howard Schenken,,,
1967,Vanderbilt Knockout Teams,2,Paul Levitt,,,
1967,Vanderbilt Knockout Teams,2,Peter A. Leventritt,,,
1967,Vanderbilt Knockout Teams,2,Sidney H. Lazard,,,
1967,Vanderbilt Knockout Teams,2,0,,,
1966,Vanderbilt Knockout Teams,1,Bob Hamman,,,
1966,Vanderbilt Knockout Teams,1,Ira Rubin,,,
1966,Vanderbilt Knockout Teams,1,Lewis L. Mathe,,,
1966,Vanderbilt Knockout Teams,1,Phil Feldesman,,,
1966,Vanderbilt Knockout Teams,1,Sami R. Kehela,,,
1966,Vanderbilt Knockout Teams,1,0,,,
1966,Vanderbilt Knockout Teams,2,Billy Eisenberg,,,
1966,Vanderbilt Knockout Teams,2,Bobby Goldman,,,
1966,Vanderbilt Knockout Teams,2,Ivan Erdos,,,
1966,Vanderbilt Knockout Teams,2,Leonard B. Harmon,,,
1966,Vanderbilt Knockout Teams,2,Tobias Stone,,,
1966,Vanderbilt Knockout Teams,2,0,,,
1965,Vanderbilt Knockout Teams,1,Albert Weiss,,,
1965,Vanderbilt Knockout Teams,1,Dr. John Fisher,,,
1965,Vanderbilt Knockout Teams,1,Ira Rubin,,,
1965,Vanderbilt Knockout Teams,1,Jim Jacoby,,,
1965,Vanderbilt Knockout Teams,1,Oswald Jacoby,,,
1965,Vanderbilt Knockout Teams,1,Phil Feldesman,,,
1965,Vanderbilt Knockout Teams,2,Arthur G. Robinson,,,
1965,Vanderbilt Knockout Teams,2,Boris Koytchou,,,
1965,Vanderbilt Knockout Teams,2,Edgar Kaplan,,,
1965,Vanderbilt Knockout Teams,2,George Rapee,,,
1965,Vanderbilt Knockout Teams,2,Norman Kay,,,
1965,Vanderbilt Knockout Teams,2,Robert F. Jordan,,,
1964,Vanderbilt Knockout Teams,1,Bob Hamman,,,
1964,Vanderbilt Knockout Teams,1,Donald P. Krauss,,,
1964,Vanderbilt Knockout Teams,1,Eddie Kantar,,,
1964,Vanderbilt Knockout Teams,1,Howard Schenken,,,
1964,Vanderbilt Knockout Teams,1,Lewis L. Mathe,,,
1964,Vanderbilt Knockout Teams,1,Peter A. Leventritt,,,
1964,Vanderbilt Knockout Teams,2,B. Jay Becker,,,
1964,Vanderbilt Knockout Teams,2,Dorothy Hayden,,,
1964,Vanderbilt Knockout Teams,2,Helen Portugal,,,
1964,Vanderbilt Knockout Teams,2,Ivan Erdos,,,
1964,Vanderbilt Knockout Teams,2,Kelsey Petterson,,,
1964,Vanderbilt Knockout Teams,2,Morris Portugal,,,
1963,Vanderbilt Knockout Teams,1,Albert Weiss,,,
1963,Vanderbilt Knockout Teams,1,Alvin Roth,,,
1963,Vanderbilt Knockout Teams,1,Cliff Russell,,,
1963,Vanderbilt Knockout Teams,1,Edith Kemp,,,
1963,Vanderbilt Knockout Teams,1,Harold Harkavy,,,
1963,Vanderbilt Knockout Teams,1,William Seamon,,,
1963,Vanderbilt Knockout Teams,2,Edward O. Taylor,,,
1963,Vanderbilt Knockout Teams,2,Erik Paulsen,,,
1963,Vanderbilt Knockout Teams,2,Harold Guiver,,,
1963,Vanderbilt Knockout Teams,2,Lewis L. Mathe,,,
1963,Vanderbilt Knockout Teams,2,Ron Von der Porten,,,
1963,Vanderbilt Knockout Teams,2,0,,,
1962,Vanderbilt Knockout Teams,1,Carolyn Levitt,,,
1962,Vanderbilt Knockout Teams,1,Garrett Nash,,,
1962,Vanderbilt Knockout Teams,1,George de Runtz,,,
1962,Vanderbilt Knockout Teams,1,Jerry Levitt,,,
1962,Vanderbilt Knockout Teams,1,Larry Kolker,,,
1962,Vanderbilt Knockout Teams,1,0,,,
1962,Vanderbilt Knockout Teams,2,Boris Koytchou,,,
1962,Vanderbilt Knockout Teams,2,Charles H. Goren,,,
1962,Vanderbilt Knockout Teams,2,Harold Ogust,,,
1962,Vanderbilt Knockout Teams,2,Helen Sobel,,,
1962,Vanderbilt Knockout Teams,2,Howard Schenken,,,
1962,Vanderbilt Knockout Teams,2,Peter A. Leventritt,,,
1961,Vanderbilt Knockout Teams,1,Arthur G. Robinson,,,
1961,Vanderbilt Knockout Teams,1,Charles Coon,,,
1961,Vanderbilt Knockout Teams,1,Eric R. Murray,,,
1961,Vanderbilt Knockout Teams,1,Robert F. Jordan,,,
1961,Vanderbilt Knockout Teams,1,0,,,
1961,Vanderbilt Knockout Teams,1,0,,,
1961,Vanderbilt Knockout Teams,2,Eddie Kantar,,,
1961,Vanderbilt Knockout Teams,2,Harold Guiver,,,
1961,Vanderbilt Knockout Teams,2,Marshall Miles,,,
1961,Vanderbilt Knockout Teams,2,Ollie Adams,,,
1961,Vanderbilt Knockout Teams,2,Ron Von der Porten,,,
1961,Vanderbilt Knockout Teams,2,0,,,
1960,Vanderbilt Knockout Teams,1,John R. Crawford,,,
1960,Vanderbilt Knockout Teams,1,Norman Kay,,,
1960,Vanderbilt Knockout Teams,1,Sidney Silodor,,,
1960,Vanderbilt Knockout Teams,1,Tobias Stone,,,
1960,Vanderbilt Knockout Teams,1,0,,,
1960,Vanderbilt Knockout Teams,1,0,,,
1960,Vanderbilt Knockout Teams,2,Albert Weiss,,,
1960,Vanderbilt Knockout Teams,2,Edith Kemp,,,
1960,Vanderbilt Knockout Teams,2,Robert Reynolds,,,
1960,Vanderbilt Knockout Teams,2,Russ Arnold,,,
1960,Vanderbilt Knockout Teams,2,Waldemar K. von Zedtwitz,,,
1960,Vanderbilt Knockout Teams,2,William Seamon,,,
1959,Vanderbilt Knockout Teams,1,B. Jay Becker,,,
1959,Vanderbilt Knockout Teams,1,George Rapee,,,
1959,Vanderbilt Knockout Teams,1,John R. Crawford,,,
1959,Vanderbilt Knockout Teams,1,Norman Kay,,,
1959,Vanderbilt Knockout Teams,1,Sidney Silodor,,,
1959,Vanderbilt Knockout Teams,1,Tobias Stone,,,
1959,Vanderbilt Knockout Teams,2,Charles H. Goren,,,
1959,Vanderbilt Knockout Teams,2,Harold Ogust,,,
1959,Vanderbilt Knockout Teams,2,Helen Sobel,,,
1959,Vanderbilt Knockout Teams,2,Howard Schenken,,,
1959,Vanderbilt Knockout Teams,2,Paul Hodge,,,
1959,Vanderbilt Knockout Teams,2,Peter A. Leventritt,,,
1958,Vanderbilt Knockout Teams,1,Harry Fishbein,,,
1958,Vanderbilt Knockout Teams,1,Ivar Stakgold,,,
1958,Vanderbilt Knockout Teams,1,Lee Hazen,,,
1958,Vanderbilt Knockout Teams,1,Leonard B. Harmon,,,
1958,Vanderbilt Knockout Teams,1,Sam Fry Jr.,,,
1958,Vanderbilt Knockout Teams,1,0,,,
1958,Vanderbilt Knockout Teams,2,Alfred Sheinwold,,,
1958,Vanderbilt Knockout Teams,2,Charles J. Solomon,,,
1958,Vanderbilt Knockout Teams,2,Edgar Kaplan,,,
1958,Vanderbilt Knockout Teams,2,Norman Kay,,,
1958,Vanderbilt Knockout Teams,2,Ralph Hirschberg,,,
1958,Vanderbilt Knockout Teams,2,Richard Kahn,,,
1957,Vanderbilt Knockout Teams,1,B. Jay Becker,,,
1957,Vanderbilt Knockout Teams,1,George Rapee,,,
1957,Vanderbilt Knockout Teams,1,Howard Schenken,,,
1957,Vanderbilt Knockout Teams,1,John R. Crawford,,,
1957,Vanderbilt Knockout Teams,1,Sidney Silodor,,,
1957,Vanderbilt Knockout Teams,1,0,,,
1957,Vanderbilt Knockout Teams,2,Moe Rubenfeld,,,
1957,Vanderbilt Knockout Teams,2,Ozzie J. Ray,,,
1957,Vanderbilt Knockout Teams,2,Raoul Lichtenstein,,,
1957,Vanderbilt Knockout Teams,2,Rudolf Bortstiber,,,
1957,Vanderbilt Knockout Teams,2,0,,,
1957,Vanderbilt Knockout Teams,2,0,,,
1956,Vanderbilt Knockout Teams,1,B. Jay Becker,,,
1956,Vanderbilt Knockout Teams,1,George Rapee,,,
1956,Vanderbilt Knockout Teams,1,Howard Schenken,,,
1956,Vanderbilt Knockout Teams,1,John R. Crawford,,,
1956,Vanderbilt Knockout Teams,1,Sidney Silodor,,,
1956,Vanderbilt Knockout Teams,1,0,,,
1956,Vanderbilt Knockout Teams,2,Jane Jaeger,,,
1956,Vanderbilt Knockout Teams,2,Joseph E. Low,,,
1956,Vanderbilt Knockout Teams,2,Leonard Hess,,,
1956,Vanderbilt Knockout Teams,2,Leonard Hess,,,
1956,Vanderbilt Knockout Teams,2,Lewis M. Jaeger,,,
1956,Vanderbilt Knockout Teams,2,William M. Lichtenstein,,,
1955,Vanderbilt Knockout Teams,1,B. Jay Becker,,,
1955,Vanderbilt Knockout Teams,1,George Rapee,,,
1955,Vanderbilt Knockout Teams,1,Howard Schenken,,,
1955,Vanderbilt Knockout Teams,1,John R. Crawford,,,
1955,Vanderbilt Knockout Teams,1,Sidney Silodor,,,
1955,Vanderbilt Knockout Teams,1,0,,,
1955,Vanderbilt Knockout Teams,2,Boris Koytchou,,,
1955,Vanderbilt Knockout Teams,2,Charles H. Goren,,,
1955,Vanderbilt Knockout Teams,2,Harold Ogust,,,
1955,Vanderbilt Knockout Teams,2,Helen Sobel,,,
1955,Vanderbilt Knockout Teams,2,Peter A. Leventritt,,,
1955,Vanderbilt Knockout Teams,2,0,,,
1954,Vanderbilt Knockout Teams,1,Dr. Kalman Apfel,,,
1954,Vanderbilt Knockout Teams,1,Francis P. Begley,,,
1954,Vanderbilt Knockout Teams,1,Milton Moss,,,
1954,Vanderbilt Knockout Teams,1,Ned Drucker,,,
1954,Vanderbilt Knockout Teams,1,Sidney Mandell,,,
1954,Vanderbilt Knockout Teams,1,0,,,
1954,Vanderbilt Knockout Teams,2,Charles J. Solomon,,,
1954,Vanderbilt Knockout Teams,2,Morrie Elis,,,
1954,Vanderbilt Knockout Teams,2,Peggy Solomon,,,
1954,Vanderbilt Knockout Teams,2,Simon Rossant,,,
1954,Vanderbilt Knockout Teams,2,Stanley Fenkel,,,
1954,Vanderbilt Knockout Teams,2,0,,,
1953,Vanderbilt Knockout Teams,1,Dr. William V. Lipton,,,
1953,Vanderbilt Knockout Teams,1,Edgar Kaplan,,,
1953,Vanderbilt Knockout Teams,1,Peter A. Leventritt,,,
1953,Vanderbilt Knockout Teams,1,Richard Kahn,,,
1953,Vanderbilt Knockout Teams,1,Ruth Sherman,,,
1953,Vanderbilt Knockout Teams,1,0,,,
1953,Vanderbilt Knockout Teams,2,Alvin Roth,,,
1953,Vanderbilt Knockout Teams,2,Charles H. Goren,,,
1953,Vanderbilt Knockout Teams,2,Helen Sobel,,,
1953,Vanderbilt Knockout Teams,2,Myron Field,,,
1953,Vanderbilt Knockout Teams,2,Sidney Silodor,,,
1953,Vanderbilt Knockout Teams,2,0,,,
1952,Vanderbilt Knockout Teams,1,Irving Kass,,,
1952,Vanderbilt Knockout Teams,1,Jesse Sloan,,,
1952,Vanderbilt Knockout Teams,1,Milton Moss,,,
1952,Vanderbilt Knockout Teams,1,Ned Drucker,,,
1952,Vanderbilt Knockout Teams,1,Sidney Mandell,,,
1952,Vanderbilt Knockout Teams,1,0,,,
1952,Vanderbilt Knockout Teams,2,B. Jay Becker,,,
1952,Vanderbilt Knockout Teams,2,George Rapee,,,
1952,Vanderbilt Knockout Teams,2,Howard Schenken,,,
1952,Vanderbilt Knockout Teams,2,John R. Crawford,,,
1952,Vanderbilt Knockout Teams,2,Samuel M. Stayman,,,
1952,Vanderbilt Knockout Teams,2,0,,,
1951,Vanderbilt Knockout Teams,1,B. Jay Becker,,,
1951,Vanderbilt Knockout Teams,1,George Rapee,,,
1951,Vanderbilt Knockout Teams,1,John R. Crawford,,,
1951,Vanderbilt Knockout Teams,1,Samuel M. Stayman,,,
1951,Vanderbilt Knockout Teams,1,0,,,
1951,Vanderbilt Knockout Teams,1,0,,,
1951,Vanderbilt Knockout Teams,2,Barry Crane,,,
1951,Vanderbilt Knockout Teams,2,Emanuel Hochfeld,,,
1951,Vanderbilt Knockout Teams,2,Gloria Turner,,,
1951,Vanderbilt Knockout Teams,2,Hortense Evans,,,
1951,Vanderbilt Knockout Teams,2,John W. Hancock,,,
1951,Vanderbilt Knockout Teams,2,0,,,
1950,Vanderbilt Knockout Teams,1,George Rapee,,,
1950,Vanderbilt Knockout Teams,1,Howard Schenken,,,
1950,Vanderbilt Knockout Teams,1,John R. Crawford,,,
1950,Vanderbilt Knockout Teams,1,Samuel M. Stayman,,,
1950,Vanderbilt Knockout Teams,1,Sidney Silodor,,,
1950,Vanderbilt Knockout Teams,1,0,,,
1950,Vanderbilt Knockout Teams,2,B. Jay Becker,,,
1950,Vanderbilt Knockout Teams,2,Charles H. Goren,,,
1950,Vanderbilt Knockout Teams,2,Helen Sobel,,,
1950,Vanderbilt Knockout Teams,2,Myron Field,,,
1950,Vanderbilt Knockout Teams,2,0,,,
1950,Vanderbilt Knockout Teams,2,0,,,
1949,Vanderbilt Knockout Teams,1,Charles S. Lochridge,,,
1949,Vanderbilt Knockout Teams,1,Harry Fishbein,,,
1949,Vanderbilt Knockout Teams,1,Larry Hirsch,,,
1949,Vanderbilt Knockout Teams,1,Lee Hazen,,,
1949,Vanderbilt Knockout Teams,1,Morrie Elis,,,
1949,Vanderbilt Knockout Teams,1,0,,,
1949,Vanderbilt Knockout Teams,2,B. Jay Becker,,,
1949,Vanderbilt Knockout Teams,2,Charles H. Goren,,,
1949,Vanderbilt Knockout Teams,2,Helen Sobel,,,
1949,Vanderbilt Knockout Teams,2,Myron Field,,,
1949,Vanderbilt Knockout Teams,2,Oswald Jacoby,,,
1949,Vanderbilt Knockout Teams,2,0,,,
1948,Vanderbilt Knockout Teams,1,Albert Weiss,,,
1948,Vanderbilt Knockout Teams,1,Harry Sonnenblick,,,
1948,Vanderbilt Knockout Teams,1,Jay T. Feigus,,,
1948,Vanderbilt Knockout Teams,1,Robert Appleyard,,,
1948,Vanderbilt Knockout Teams,1,William M. Lichtenstein,,,
1948,Vanderbilt Knockout Teams,1,0,,,
1948,Vanderbilt Knockout Teams,2,Albert Wolfe,,,
1948,Vanderbilt Knockout Teams,2,Ambrose Casner,,,
1948,Vanderbilt Knockout Teams,2,Fred Hirsch,,,
1948,Vanderbilt Knockout Teams,2,Herman Goldberg,,,
1948,Vanderbilt Knockout Teams,2,Mrs. Ira Strasser,,,
1948,Vanderbilt Knockout Teams,2,0,,,
1947,Vanderbilt Knockout Teams,1,David Clarren,,,
1947,Vanderbilt Knockout Teams,1,Harry Feinberg,,,
1947,Vanderbilt Knockout Teams,1,Harry Fishbein,,,
1947,Vanderbilt Knockout Teams,1,Joseph E. Low,,,
1947,Vanderbilt Knockout Teams,1,Larry Hirsch,,,
1947,Vanderbilt Knockout Teams,1,0,,,
1947,Vanderbilt Knockout Teams,2,Bertram Lebhar Jr.,,,
1947,Vanderbilt Knockout Teams,2,Lee Hazen,,,
1947,Vanderbilt Knockout Teams,2,Peter A. Leventritt,,,
1947,Vanderbilt Knockout Teams,2,Samuel Katz,,,
1947,Vanderbilt Knockout Teams,2,0,,,
1947,Vanderbilt Knockout Teams,2,0,,,
1946,Vanderbilt Knockout Teams,1,George Rapee,,,
1946,Vanderbilt Knockout Teams,1,Howard Schenken,,,
1946,Vanderbilt Knockout Teams,1,John R. Crawford,,,
1946,Vanderbilt Knockout Teams,1,Oswald Jacoby,,,
1946,Vanderbilt Knockout Teams,1,Samuel M. Stayman,,,
1946,Vanderbilt Knockout Teams,1,0,,,
1946,Vanderbilt Knockout Teams,2,Bertram Lebhar Jr.,,,
1946,Vanderbilt Knockout Teams,2,Peter A. Leventritt,,,
1946,Vanderbilt Knockout Teams,2,Samuel Katz,,,
1946,Vanderbilt Knockout Teams,2,Simon Rossant,,,
1946,Vanderbilt Knockout Teams,2,Waldemar K. von Zedtwitz,,,
1946,Vanderbilt Knockout Teams,2,0,,,
1945,Vanderbilt Knockout Teams,1,B. Jay Becker,,,
1945,Vanderbilt Knockout Teams,1,Charles H. Goren,,,
1945,Vanderbilt Knockout Teams,1,Helen Sobel,,,
1945,Vanderbilt Knockout Teams,1,Sidney Silodor,,,
1945,Vanderbilt Knockout Teams,1,0,,,
1945,Vanderbilt Knockout Teams,1,0,,,
1945,Vanderbilt Knockout Teams,2,Edward Hymes Jr.,,,
1945,Vanderbilt Knockout Teams,2,Howard Schenken,,,
1945,Vanderbilt Knockout Teams,2,Samuel M. Stayman,,,
1945,Vanderbilt Knockout Teams,2,Theodore A. Lightner,,,
1945,Vanderbilt Knockout Teams,2,Waldemar K. von Zedtwitz,,,
1945,Vanderbilt Knockout Teams,2,0,,,
1944,Vanderbilt Knockout Teams,1,B. Jay Becker,,,
1944,Vanderbilt Knockout Teams,1,Charles H. Goren,,,
1944,Vanderbilt Knockout Teams,1,Helen Sobel,,,
1944,Vanderbilt Knockout Teams,1,Sidney Silodor,,,
1944,Vanderbilt Knockout Teams,1,0,,,
1944,Vanderbilt Knockout Teams,1,0,,,
1944,Vanderbilt Knockout Teams,2,Charles S. Lochridge,,,
1944,Vanderbilt Knockout Teams,2,George Rapee,,,
1944,Vanderbilt Knockout Teams,2,Lee Hazen,,,
1944,Vanderbilt Knockout Teams,2,Richard L. Frey,,,
1944,Vanderbilt Knockout Teams,2,Samuel M. Stayman,,,
1944,Vanderbilt Knockout Teams,2,0,,,
1943,Vanderbilt Knockout Teams,1,Alvin Roth,,,
1943,Vanderbilt Knockout Teams,1,Fred D. Kaplan,,,
1943,Vanderbilt Knockout Teams,1,Harry Fagin,,,
1943,Vanderbilt Knockout Teams,1,Harry Fishbein,,,
1943,Vanderbilt Knockout Teams,1,Tobias Stone,,,
1943,Vanderbilt Knockout Teams,1,0,,,
1943,Vanderbilt Knockout Teams,2,Charles E. Van Vleck,,,
1943,Vanderbilt Knockout Teams,2,E. O. Keller,,,
1943,Vanderbilt Knockout Teams,2,Morrie Elis,,,
1943,Vanderbilt Knockout Teams,2,Phil Abramsohn,,,
1943,Vanderbilt Knockout Teams,2,Waldemar K. von Zedtwitz,,,
1943,Vanderbilt Knockout Teams,2,0,,,
1942,Vanderbilt Knockout Teams,1,Lee Hazen,,,
1942,Vanderbilt Knockout Teams,1,Lester R. Bachner,,,
1942,Vanderbilt Knockout Teams,1,Richard L. Frey,,,
1942,Vanderbilt Knockout Teams,1,Samuel M. Stayman,,,
1942,Vanderbilt Knockout Teams,1,Sigmund Dornbusch,,,
1942,Vanderbilt Knockout Teams,1,0,,,
1942,Vanderbilt Knockout Teams,2,Benedict Jarmel,,,
1942,Vanderbilt Knockout Teams,2,George Rapee,,,
1942,Vanderbilt Knockout Teams,2,Helen Sobel,,,
1942,Vanderbilt Knockout Teams,2,Sam Fry Jr.,,,
1942,Vanderbilt Knockout Teams,2,0,,,
1942,Vanderbilt Knockout Teams,2,0,,,
1941,Vanderbilt Knockout Teams,1,John R. Crawford,,,
1941,Vanderbilt Knockout Teams,1,Myron Field,,,
1941,Vanderbilt Knockout Teams,1,Robert A. McPherran,,,
1941,Vanderbilt Knockout Teams,1,Sherman Stearns,,,
1941,Vanderbilt Knockout Teams,1,0,,,
1941,Vanderbilt Knockout Teams,1,0,,,
1941,Vanderbilt Knockout Teams,2,B. Jay Becker,,,
1941,Vanderbilt Knockout Teams,2,Howard Schenken,,,
1941,Vanderbilt Knockout Teams,2,Merwyn D. Maier,,,
1941,Vanderbilt Knockout Teams,2,Oswald Jacoby,,,
1941,Vanderbilt Knockout Teams,2,Theodore A. Lightner,,,
1941,Vanderbilt Knockout Teams,2,0,,,
1940,Vanderbilt Knockout Teams,1,Charles S. Lochridge,,,
1940,Vanderbilt Knockout Teams,1,Edward Hymes Jr.,,,
1940,Vanderbilt Knockout Teams,1,Harold S. Vanderbilt,,,
1940,Vanderbilt Knockout Teams,1,Robert A. McPherran,,,
1940,Vanderbilt Knockout Teams,1,Waldemar K. von Zedtwitz,,,
1940,Vanderbilt Knockout Teams,1,0,,,
1940,Vanderbilt Knockout Teams,2,Al Brodsky,,,
1940,Vanderbilt Knockout Teams,2,Alexander Schultz,,,
1940,Vanderbilt Knockout Teams,2,Herbert Rosenzweig,,,
1940,Vanderbilt Knockout Teams,2,Louis Lipschitz,,,
1940,Vanderbilt Knockout Teams,2,0,,,
1940,Vanderbilt Knockout Teams,2,0,,,
1939,Vanderbilt Knockout Teams,1,Harry B. Raffel,,,
1939,Vanderbilt Knockout Teams,1,Lee Hazen,,,
1939,Vanderbilt Knockout Teams,1,Melville Alexander,,,
1939,Vanderbilt Knockout Teams,1,Sigmund Dornbusch,,,
1939,Vanderbilt Knockout Teams,1,Sylvester Gintell,,,
1939,Vanderbilt Knockout Teams,1,0,,,
1939,Vanderbilt Knockout Teams,2,Mrs. S. W. Peck,,,
1939,Vanderbilt Knockout Teams,2,Robert A. McPherran,,,
1939,Vanderbilt Knockout Teams,2,Theodore A. Lightner,,,
1939,Vanderbilt Knockout Teams,2,Wingate Bixby,,,
1939,Vanderbilt Knockout Teams,2,0,,,
1939,Vanderbilt Knockout Teams,2,0,,,
1938,Vanderbilt Knockout Teams,1,David Bruce,,,
1938,Vanderbilt Knockout Teams,1,Howard Schenken,,,
1938,Vanderbilt Knockout Teams,1,Merwyn D. Maier,,,
1938,Vanderbilt Knockout Teams,1,Oswald Jacoby,,,
1938,Vanderbilt Knockout Teams,1,Sherman Stearns,,,
1938,Vanderbilt Knockout Teams,1,0,,,
1938,Vanderbilt Knockout Teams,2,B. Jay Becker,,,
1938,Vanderbilt Knockout Teams,2,Charles S. Lochridge,,,
1938,Vanderbilt Knockout Teams,2,Edward Hymes Jr.,,,
1938,Vanderbilt Knockout Teams,2,Theodore A. Lightner,,,
1938,Vanderbilt Knockout Teams,2,Waldemar K. von Zedtwitz,,,
1938,Vanderbilt Knockout Teams,2,0,,,
1937,Vanderbilt Knockout Teams,1,David Bruce,,,
1937,Vanderbilt Knockout Teams,1,Howard Schenken,,,
1937,Vanderbilt Knockout Teams,1,Merwyn D. Maier,,,
1937,Vanderbilt Knockout Teams,1,Oswald Jacoby,,,
1937,Vanderbilt Knockout Teams,1,Sherman Stearns,,,
1937,Vanderbilt Knockout Teams,1,0,,,
1937,Vanderbilt Knockout Teams,2,B. Jay Becker,,,
1937,Vanderbilt Knockout Teams,2,Charles S. Lochridge,,,
1937,Vanderbilt Knockout Teams,2,Harold S. Vanderbilt,,,
1937,Vanderbilt Knockout Teams,2,Theodore A. Lightner,,,
1937,Vanderbilt Knockout Teams,2,Waldemar K. von Zedtwitz,,,
1937,Vanderbilt Knockout Teams,2,0,,,
1936,Vanderbilt Knockout Teams,1,Fred D. Kaplan,,,
1936,Vanderbilt Knockout Teams,1,Harry Fishbein,,,
1936,Vanderbilt Knockout Teams,1,Phil Abramsohn,,,
1936,Vanderbilt Knockout Teams,1,0,,,
1936,Vanderbilt Knockout Teams,1,0,,,
1936,Vanderbilt Knockout Teams,1,0,,,
1936,Vanderbilt Knockout Teams,2,Charles H. Goren,,,
1936,Vanderbilt Knockout Teams,2,Jean P. Mattheys,,,
1936,Vanderbilt Knockout Teams,2,Lee Langdon,,,
1936,Vanderbilt Knockout Teams,2,Walter Beinicke,,,
1936,Vanderbilt Knockout Teams,2,0,,,
1936,Vanderbilt Knockout Teams,2,0,,,
1935,Vanderbilt Knockout Teams,1,David Bruce,,,
1935,Vanderbilt Knockout Teams,1,Howard Schenken,,,
1935,Vanderbilt Knockout Teams,1,Michael T. Gottlieb,,,
1935,Vanderbilt Knockout Teams,1,Oswald Jacoby,,,
1935,Vanderbilt Knockout Teams,1,Sherman Stearns,,,
1935,Vanderbilt Knockout Teams,1,0,,,
1935,Vanderbilt Knockout Teams,2,Edward Hymes Jr.,,,
1935,Vanderbilt Knockout Teams,2,Louis H. Watson,,,
1935,Vanderbilt Knockout Teams,2,Merwyn D. Maier,,,
1935,Vanderbilt Knockout Teams,2,Sam Fry Jr.,,,
1935,Vanderbilt Knockout Teams,2,0,,,
1935,Vanderbilt Knockout Teams,2,0,,,
1934,Vanderbilt Knockout Teams,1,David Bruce,,,
1934,Vanderbilt Knockout Teams,1,Howard Schenken,,,
1934,Vanderbilt Knockout Teams,1,Michael T. Gottlieb,,,
1934,Vanderbilt Knockout Teams,1,Oswald Jacoby,,,
1934,Vanderbilt Knockout Teams,1,Richard L. Frey,,,
1934,Vanderbilt Knockout Teams,1,0,,,
1934,Vanderbilt Knockout Teams,2,Charles H. Goren,,,
1934,Vanderbilt Knockout Teams,2,Charles S. Lochridge,,,
1934,Vanderbilt Knockout Teams,2,H. Huber Boscowitz,,,
1934,Vanderbilt Knockout Teams,2,Johnny Rau,,,
1934,Vanderbilt Knockout Teams,2,0,,,
1934,Vanderbilt Knockout Teams,2,0,,,
1933,Vanderbilt Knockout Teams,1,Benjamin Feuer,,,
1933,Vanderbilt Knockout Teams,1,Francis A. Rendon,,,
1933,Vanderbilt Knockout Teams,1,Phil Abramsohn,,,
1933,Vanderbilt Knockout Teams,1,Sydney Rusinow,,,
1933,Vanderbilt Knockout Teams,1,0,,,
1933,Vanderbilt Knockout Teams,1,0,,,
1933,Vanderbilt Knockout Teams,2,A. Mitchell Barnes,,,
1933,Vanderbilt Knockout Teams,2,Louis H. Watson,,,
1933,Vanderbilt Knockout Teams,2,Richard L. Frey,,,
1933,Vanderbilt Knockout Teams,2,Sam Fry Jr.,,,
1933,Vanderbilt Knockout Teams,2,0,,,
1933,Vanderbilt Knockout Teams,2,0,,,
1932,Vanderbilt Knockout Teams,1,Harold S. Vanderbilt,,,
1932,Vanderbilt Knockout Teams,1,P. Hal Sims,,,
1932,Vanderbilt Knockout Teams,1,Waldemar K. von Zedtwitz,,,
1932,Vanderbilt Knockout Teams,1,Willard S. Karn,,,
1932,Vanderbilt Knockout Teams,1,0,,,
1932,Vanderbilt Knockout Teams,1,0,,,
1932,Vanderbilt Knockout Teams,2,Charles S. Lochridge,,,
1932,Vanderbilt Knockout Teams,2,David Bruce,,,
1932,Vanderbilt Knockout Teams,2,Howard Schenken,,,
1932,Vanderbilt Knockout Teams,2,Richard L. Frey,,,
1932,Vanderbilt Knockout Teams,2,0,,,
1932,Vanderbilt Knockout Teams,2,0,,,
1931,Vanderbilt Knockout Teams,1,David Bruce,,,
1931,Vanderbilt Knockout Teams,1,Oswald Jacoby,,,
1931,Vanderbilt Knockout Teams,1,P. Hal Sims,,,
1931,Vanderbilt Knockout Teams,1,Willard S. Karn,,,
1931,Vanderbilt Knockout Teams,1,0,,,
1931,Vanderbilt Knockout Teams,1,0,,,
1931,Vanderbilt Knockout Teams,2,Howard Schenken,,,
1931,Vanderbilt Knockout Teams,2,Jean P. Mattheys,,,
1931,Vanderbilt Knockout Teams,2,Sherman Stearns,,,
1931,Vanderbilt Knockout Teams,2,Walter Malowan,,,
1931,Vanderbilt Knockout Teams,2,0,,,
1931,Vanderbilt Knockout Teams,2,0,,,
1930,Vanderbilt Knockout Teams,1,Ely Culbertson,,,
1930,Vanderbilt Knockout Teams,1,Josephine Culbertson,,,
1930,Vanderbilt Knockout Teams,1,Theodore A. Lightner,,,
1930,Vanderbilt Knockout Teams,1,Waldemar K. von Zedtwitz,,,
1930,Vanderbilt Knockout Teams,1,0,,,
1930,Vanderbilt Knockout Teams,1,0,,,
1930,Vanderbilt Knockout Teams,2/3,Cmdr. Winfield Liggett Jr,,,
1930,Vanderbilt Knockout Teams,2/3,George Reith,,,
1930,Vanderbilt Knockout Teams,2/3,Howard Schenken,,,
1930,Vanderbilt Knockout Teams,2/3,Walter Malowan,,,
1930,Vanderbilt Knockout Teams,2/3,0,,,
1930,Vanderbilt Knockout Teams,2/3,0,,,
1930,Vanderbilt Knockout Teams,2/3,H. Huber Boscowitz,,,
1930,Vanderbilt Knockout Teams,2/3,Oswald Jacoby,,,
1930,Vanderbilt Knockout Teams,2/3,P. Hal Sims,,,
1930,Vanderbilt Knockout Teams,2/3,Willard S. Karn,,,
1930,Vanderbilt Knockout Teams,2/3,0,,,
1930,Vanderbilt Knockout Teams,2/3,0,,,
1929,Vanderbilt Knockout Teams,1,Harry B. Raffel,,,
1929,Vanderbilt Knockout Teams,1,Jean P. Mattheys,,,
1929,Vanderbilt Knockout Teams,1,Lee Langdon,,,
1929,Vanderbilt Knockout Teams,1,Michael T. Gottlieb,,,
1929,Vanderbilt Knockout Teams,1,0,,,
1929,Vanderbilt Knockout Teams,1,0,,,
1929,Vanderbilt Knockout Teams,2,Edwin A. Wetzlar,,,
1929,Vanderbilt Knockout Teams,2,Gratz M. Scott,,,
1929,Vanderbilt Knockout Teams,2,Ralph J. Leibenderfer,,,
1929,Vanderbilt Knockout Teams,2,Wilbur C. Whitehead,,,
1929,Vanderbilt Knockout Teams,2,0,,,
1929,Vanderbilt Knockout Teams,2,0,,,
1928,Vanderbilt Knockout Teams,1/2,Edwin A. Wetzlar,,,
1928,Vanderbilt Knockout Teams,1/2,Gratz M. Scott,,,
1928,Vanderbilt Knockout Teams,1/2,Ralph Richards,,,
1928,Vanderbilt Knockout Teams,1/2,Wilbur C. Whitehead,,,
1928,Vanderbilt Knockout Teams,1/2,0,,,
1928,Vanderbilt Knockout Teams,1/2,0,,,
1928,Vanderbilt Knockout Teams,1/2,Abraham Brown,,,
1928,Vanderbilt Knockout Teams,1/2,Caroline Taylor,,,
1928,Vanderbilt Knockout Teams,1/2,Mrs. Sidney Lovell,,,
1928,Vanderbilt Knockout Teams,1/2,Nils M. Wester,,,
1928,Vanderbilt Knockout Teams,1/2,0,,,
1928,Vanderbilt Knockout Teams,1/2,0,,,
